:020000040800F2
:1000000000060020E1020008E3020008E302000805
:10001000E3020008E3020008E3020008E30200082C
:10002000E3020008E3020008E3020008C1760008CA
:10003000E3020008E3020008E3020008E30200080C
:10004000E3020008E3020008E3020008E3020008FC
:10005000E3020008E3020008A9850008D58500082E
:10006000018600082D86000859860008C945000849
:10007000F14500081D46000849460008754600087D
:100080009D460008C9460008E3020008E302000894
:10009000E3020008E3020008E30200088586000886
:1000A000E3020008E3020008E3020008E30200089C
:1000B000E3020008E3020008E3020008E30200088C
:1000C000E3020008E3020008E3020008E30200087C
:1000D000E3020008E3020008718700088587000832
:1000E000E9860008E3020008E3020008E3020008D2
:1000F000E3020008E3020008E3020008F5460008F6
:10010000E30200085D870008AD870008E3020008ED
:10011000E3020008E3020008E3020008E30200082B
:10012000214700084947000875470008A147000813
:10013000CD470008E3020008E3020008E3020008DC
:10014000E3020008E3020008E3020008E3020008FB
:10015000F5470008214800084D480008E302000860
:10016000E3020008E3020008E3020008E3020008DB
:10017000E302000899820008E3020008E302000895
:10018000E3020008E302000899870008E302000880
:10019000E3020008E3020008E3020008E3020008AB
:1001A000E3020008E3020008E3020008E30200089B
:1001B000E3020008E3020008E3020008E30200088B
:1001C000E3020008E3020008E3020008E30200087B
:1001D000E302000885820008E3020008E302000849
:1001E000E3020008E3020008E3020008E30200085B
:1001F000E3020008E3020008E3020008E30200084B
:10020000E3020008E3020008E3020008E30200083A
:10021000E3020008E3020008E3020008E30200082A
:10022000E3020008E3020008E3020008E30200081A
:10023000E3020008E3020008E3020008E30200080A
:10024000E3020008E3020008E3020008E3020008FA
:10025000E3020008E3020008E3020008E3020008EA
:10026000E3020008E3020008E3020008E3020008DA
:10027000E3020008E3020008E3020008E3020008CA
:10028000E3020008E3020008E3020008E3020008BA
:10029000E3020008E3020008E3020008E3020008AA
:1002A000E3020008E3020008E3020008E30200089A
:1002B000E3020008E3020008E3020008E30200088A
:1002C000E3020008E3020008E3020008E30200087A
:1002D000E3020008E3020008E3020008E30200086A
:1002E00002E000F000F8FEE772B6374880F30888B5
:1002F000364880F3098836483649086040F20000E5
:10030000CCF200004EF63471CEF200010860BFF36B
:100310004F8FBFF36F8F40F20000C0F2F0004EF637
:100320008851CEF200010860BFF34F8FBFF36F8F8B
:100330004FF00000E1EE100A4EF63C71CEF20001E3
:100340000860062080F31488BFF36F8F07F01AFA55
:1003500006F06AFB4FF055301F491B4A91423CBFE3
:1003600041F8040BFAE71D49184A91423CBF41F895
:10037000040BFAE71A491B4A1B4B9A423EBF51F83D
:10038000040B42F8040BF8E700201849184A914280
:100390003CBF41F8040BFAE707F032FA06F0CAFB5B
:1003A000144C154DAC4203DA54F8041B8847F9E7A6
:1003B00000F0C4F9114C124DAC4203DA54F8041B9E
:1003C0008847F9E707F01ABA00060020002200204B
:1003D0000000000808ED00E00000002000060020FA
:1003E000109D000800220020D8220020D8220020E2
:1003F0009C670020E0020008E0020008E00200081C
:10040000E00200082DE9F04F2DED108AC1F80CD064
:10041000D0F80CD0BDEC108ABDE8F08F002383F338
:1004200011882846A047002006F0E0F8FEE706F015
:1004300039F800DFFEE7000053B94AB9002908BFC8
:1004400000281CBF4FF0FF314FF0FF3000F074B9AF
:10045000ADF1080C6DE904CE00F006F8DDF804E01B
:10046000DDE9022304B070472DE9F047089D0446FA
:100470008E46002B4DD18A42944669D9B2FA82F257
:1004800052B101FA02F3C2F1200120FA01F10CFA93
:1004900002FC41EA030E94404FEA1C48210CBEFBCB
:1004A000F8F61FFA8CF708FB16E341EA034306FB54
:1004B00007F199420AD91CEB030306F1FF3080F0E3
:1004C0001F81994240F21C81023E63445B1AA4B230
:1004D000B3FBF8F008FB103344EA034400FB07F7D2
:1004E000A7420AD91CEB040400F1FF3380F00A8113
:1004F000A74240F207816444023840EA0640E41B08
:1005000000261DB1D4400023C5E900433146BDE8B3
:10051000F0878B4209D9002D00F0EF800026C5E955
:10052000000130463146BDE8F087B3FA83F6002E6D
:100530004AD18B4202D3824200F2F980841A61EBE5
:10054000030301209E46002DE0D0C5E9004EDDE703
:1005500002B9FFDEB2FA82F2002A40F09280A1EBEB
:100560000C014FEA1C471FFA8CFE0126200CB1FB40
:10057000F7F307FB131140EA01410EFB03F0884239
:1005800008D91CEB010103F1FF3802D2884200F2C6
:10059000CB804346091AA4B2B1FBF7F007FB101158
:1005A00044EA01440EFB00FEA64508D91CEB0404F6
:1005B00000F1FF3102D2A64500F2BB800846A4EB51
:1005C0000E0440EA03409CE7C6F12007B34022FA3C
:1005D00007FC4CEA030C20FA07F401FA06F31C436B
:1005E000F9404FEA1C4900FA06F3B1FBF9F8200C78
:1005F0001FFA8CFE09FB181140EA014108FB0EF0BE
:10060000884202FA06F20BD91CEB010108F1FF3A0D
:1006100080F08880884240F28580A8F10208614419
:10062000091AA4B2B1FBF9F009FB101144EA014127
:1006300000FB0EFE8E4508D91CEB010100F1FF34D2
:100640006CD28E456AD90238614440EA0840A0FB6A
:100650000294A1EB0E01A142C846A64656D353D040
:100660005DB1B3EB080261EB0E0101FA07F722FA64
:1006700006F3F1401F43C5E9007100263146BDE88D
:10068000F087C2F12003D8400CFA02FC21FA03F3F0
:10069000914001434FEA1C471FFA8CFEB3FBF7F071
:1006A00007FB10360B0C43EA064300FB0EF69E4296
:1006B00004FA02F408D91CEB030300F1FF382FD22F
:1006C0009E422DD9023863449B1B89B2B3FBF7F6D7
:1006D00007FB163341EA034106FB0EF38B4208D9B0
:1006E0001CEB010106F1FF3816D28B4214D9023EF1
:1006F0006144C91A46EA004638E72E46284605E70F
:100700000646E3E61846F8E64B45A9D2B9EB0208DF
:1007100064EB0C0E0138A3E74646EAE7204694E76F
:100720004046D1E7D0467BE7023B614432E73046A2
:1007300009E76444023842E7704700BF38B501F06A
:10074000F3F901F0A3FB06F081FE054606F0AEFFCB
:100750000446D0B90F4B9D4219D001339D4241F25E
:10076000883504BF01240025002006F079FE0CB175
:1007700000F078F801F02AFB00F01AFD08B100F053
:1007800071F8284600F010F9F9E70025ECE7054676
:10079000EAE700BF010007B008B501F091F9A0F148
:1007A00020035842584108BD07B541F21203022107
:1007B00001A8ADF8043001F0A1F903B05DF804FB25
:1007C00038B5302383F31188174803680BB105F05F
:1007D000F1FF0023154A4FF47A71134805F0E0FF4A
:1007E000002383F31188124C236813B12368013B63
:1007F0002360636813B16368013B63600D4D2B7820
:1008000033B963687BB9022001F04AFA322363608E
:100810002B78032B07D163682BB9022001F040FA33
:100820004FF47A73636038BDD8220020C1070008F6
:10083000F8230020F0220020084B187003280CD861
:10084000DFE800F008050208022001F01FBA0220CC
:1008500001F012BA024B00225A607047F0220020C9
:10086000F8230020F8B5494B494A1C461968013164
:1008700000F08A8004339342F8D16268454B9A4273
:1008800040F28280444B9B6803F1006303F5003320
:100890009A4279D2002001F061F90220FFF7CCFFE3
:1008A0003E4B00219A6C99641A6F19671A6FDA6CC3
:1008B000D9645A6F59675A6F1A6D19659A6F99679B
:1008C0009B6F374BD3F8802042F00062C3F8802042
:1008D000D3F8802022F00062C3F88020D3F8802073
:1008E000D3F8802042F00072C3F88020D3F8802033
:1008F00022F00072C3F88020D3F8803072B64FF037
:10090000E023C3F8084DD4E90004BFF34F8FBFF3D1
:100910006F8F244AC2F88410BFF34F8F536923F4BA
:1009200080335361BFF34F8FD2F8803043F6E076C7
:10093000C3F3C905C3F34E335B0103EA060C294632
:100940004CEA81770139C2F87472F9D2203B13F175
:10095000200FF2D1BFF34F8FBFF36F8FBFF34F8FD5
:10096000BFF36F8F536923F4003353610023C2F840
:100970005032BFF34F8FBFF36F8F302383F3118853
:10098000854680F308882047F8BD00BF00000208B4
:1009900020000208FFFF0108002200200045025845
:1009A0000044025800ED00E02DE9F04F93B0B44B45
:1009B0002022FF2100900AA89D6801F0B1F9B14AF8
:1009C0001378A3B90121B04811700360302383F379
:1009D000118803680BB105F0EDFE0023AB4A4FF41C
:1009E0007A71A94805F0DCFE002383F31188009B8F
:1009F00013B1A74B009A1A60A64A1378032B03D0B1
:100A000000231370A24A53604FF0000A009CD346A3
:100A10005646D146012001F039F924B19C4B1B68A0
:100A2000002B00F02682002001F04AF80390039B7F
:100A3000002BF2DB012001F01FF9039B213B1F2B50
:100A4000E8D801A252F823F0C90A0008F10A000808
:100A5000850B0008150A0008150A0008150A000889
:100A6000170C0008E70D0008010D0008630D0008D1
:100A70008B0D0008B10D0008150A0008C30D000811
:100A8000150A0008350E0008690B0008150A000851
:100A9000790E0008D50A0008690B0008150A00083D
:100AA000630D0008150A0008150A0008150A000859
:100AB000150A0008150A0008150A0008150A00089A
:100AC000150A0008850B00080220FFF765FE0028C4
:100AD00040F0F981009B022105A8BAF1000F08BF80
:100AE0001C4641F21233ADF8143001F007F891E7DB
:100AF0004FF47A7000F0E4FF071EEBDB0220FFF7F3
:100B00004BFE0028E6D0013F052F00F2DE81DFE832
:100B100007F0030A0D1013360523042105A80593D9
:100B200000F0ECFF17E004215548F9E704215A488A
:100B3000F6E704215948F3E74FF01C08404608F156
:100B4000040801F00DF80421059005A800F0D6FF77
:100B5000B8F12C0FF2D101204FF0000900FA07F78D
:100B600047EA0B0B5FFA8BFB01F026F926B10BF07D
:100B70000B030B2B08BF0024FFF716FE4AE70421E6
:100B80004748CDE7002EA5D00BF00B030B2BA1D1CE
:100B90000220FFF701FE074600289BD00120002617
:100BA00000F0DCFF0220FFF747FE1FFA86F8404600
:100BB00000F0E4FF0446B0B1039940460136A1F1CC
:100BC00040025142514100F0E9FF0028EDD1BA4600
:100BD000044641F21213022105A83E46ADF8143036
:100BE00000F08CFF16E725460120FFF725FE244B79
:100BF0009B68AB4207D9284600F0B2FF013040F0B5
:100C000067810435F3E70025224BBA463E461D7046
:100C10001F4B5D60A8E7002E3FF45CAF0BF00B03A9
:100C20000B2B7FF457AF0220FFF706FE322000F0B7
:100C300047FFB0F10008FFF64DAF18F003077FF44F
:100C400049AF0F4A08EB0503926893423FF642AF63
:100C5000B8F5807F3FF73EAF124BB845019323DDD7
:100C60004FF47A7000F02CFF0390039A002AFFF6ED
:100C700031AF039A0137019B03F8012BEDE700BF69
:100C800000220020F4230020D8220020C107000801
:100C9000F8230020F0220020042200200822002057
:100CA0000C220020F4220020C820FFF775FD074623
:100CB00000283FF40FAF1F2D11D8C5F120020AAB59
:100CC00025F0030084494245184428BF424601925A
:100CD00001F000F8019AFF217F4801F021F84FEA66
:100CE000A803C8F387027C492846019301F020F845
:100CF000064600283FF46DAF019B05EB830533E703
:100D00000220FFF749FD00283FF4E4AE00F064FF45
:100D100000283FF4DFAE0027B846704B9B68BB420B
:100D200018D91F2F11D80A9B01330ED027F00303C7
:100D300012AA134453F8203C05934046042205A907
:100D4000043701F0F9F88046E7E7384600F008FF7D
:100D50000590F2E7CDF81480042105A800F0CEFE3E
:100D600002E70023642104A8049300F0BDFE0028DC
:100D70007FF4B0AE0220FFF70FFD00283FF4AAAECB
:100D8000049800F01FFF0590E6E70023642104A803
:100D9000049300F0A9FE00287FF49CAE0220FFF728
:100DA000FBFC00283FF496AE049800F00DFFEAE744
:100DB0000220FFF7F1FC00283FF48CAE00F01CFF8E
:100DC000E1E70220FFF7E8FC00283FF483AE05A925
:100DD000142000F017FF07460421049004A800F037
:100DE0008DFE3946B9E7322000F06AFE071EFFF695
:100DF00071AEBB077FF46EAE384A07EB0903926809
:100E000093423FF667AE0220FFF7C6FC00283FF48E
:100E100061AE27F003074F44B9453FF4A5AE4846FD
:100E200009F1040900F09CFE0421059005A800F0DA
:100E300065FEF1E74FF47A70FFF7AEFC00283FF44F
:100E400049AE00F0C9FE002844D00A9B01330BD004
:100E500008220AA9002000F06BFF00283AD02022C7
:100E6000FF210AA800F05CFFFFF79EFC1C4805F07C
:100E7000C3FB13B0BDE8F08F002E3FF42BAE0BF098
:100E80000B030B2B7FF426AE0023642105A80593EA
:100E900000F02AFE074600287FF41CAE0220FFF770
:100EA0007BFC804600283FF415AEFFF77DFC41F245
:100EB000883005F0A1FB059800F0C6FF46463C4689
:100EC00000F07AFFA6E506464EE64FF0000901E67F
:100ED000BA467EE637467CE6F42200200022002057
:100EE000A0860100704700007047000070470000B6
:100EF0002DE9F04100F58037044616463B7C5BB98E
:100F0000C0681030204400F0E5FEE5683544B5F5D2
:100F1000004FE56002D816B1BDE8F081DEB905F0FA
:100F20007F0605F110000021C6F180062044F6B2CC
:100F300032462E4400F0F4FEA06804F11008324658
:100F400000F10060414600F5003006F02BF830B9A2
:100F500001233B74E0E74FF400463546ECE7A26816
:100F600005F11001404632442144A260E268521B60
:100F7000E26000F0AFFE0220BDE8F04100F090BE5C
:100F8000183000F0E9BC000010B5044608F0DEF8A7
:100F9000204610BD10B5044608F0D8F8204610BD14
:100FA000C3B280B2A3F14102052A02D8373800B299
:100FB0007047613B052B94BF57383038F7E7000086
:100FC000F8B504461546084603220C4900F08CFE8D
:100FD000014688B908346F1C15F91100FFF7E0FFCE
:100FE000064617F911000131FFF7DAFF102940EA30
:100FF000061004F8010BEFD1F8BD00BFC492000841
:101000002DE9F04FADF53F7D0746416801222AA842
:1010100002F086FE002840F0878006468246814620
:101020001125DFF80C81DFF80CB101AB4FF48052D1
:1010300041462AA802F0D4FF002875D1019AB2F5E2
:10104000805F71D8002A65D00446019A9442ECD2A0
:10105000282D0FD008DC132D2DD01E2D39D0112DA9
:1010600013D00134A4B2F0E7322D2DD0372D2FD07C
:101070002D2DF6D13B68121B08EB040138461B6985
:101080002D259847BDF80440EBE7121B022A09D929
:10109000594608EB040000F027FE18B90234282551
:1010A000A4B2DEE718F804303A2B3DD00A2B1CBF5F
:1010B000A1461325D5E718F804300A2B34D03A2B73
:1010C00004BFA2463225CCE718F80430202BC8D044
:1010D000264618F804300A2B1AD1AAEB090208EBAD
:1010E000090102A811254F2A28BF4F2208F0D6F87F
:1010F000A21B08EB060116A84F2A28BF4F2208F0B2
:10110000CDF83B6816AA02A9DB6838469847A8E7DD
:101110001E25A6E73B68384604491B69984701200D
:101120000DF53F7DBDE8F08F0020F9E7C69300087C
:1011300000240020C892000800F1180110B50446F0
:1011400086B00846019100F0F1FB2046FFF758FFFA
:1011500060B1019902A800F049FC102204F10801D5
:1011600002A808F017F8B0FA80F0400906B010BDE8
:1011700070B504460025EEB2304600F0FFFC58B1D1
:1011800000213046013500F009FD08B9002070BD8E
:10119000022000F085FDEEE72046FFF731FF002832
:1011A000F4D004F58034207C80F00100EFE70000EB
:1011B000F0B5C9B006F062F900F0ECFE18B90025F0
:1011C000284649B0F0BD69462A4802F0CBFF002806
:1011D0004BD1294C204602F0F5FF284802F0F2FFDF
:1011E000274802F0EFFF2146224803F067F8002865
:1011F000E5D1702007F0ACFF064610B1214B4460EA
:101200000360336830469B689847054600282ED017
:101210001A4F1948394603F051F805460028CED137
:10122000194807F095FF044638B1184B4760036032
:1012300000F58033C0E902551D74236820469B6881
:101240009847054628B10E490C4803F037F80028A6
:10125000B5D1336830465B6898471CB12368204697
:101260005B68984700F07EFEAAE70025FAE704468F
:10127000EFE700BFCC920008DC920008F392000870
:10128000099300082C9300081400010048930008FB
:101290002DE9F04FD44A8DB00B68D0F804A001932B
:1012A0001A440368D14E1A44D1F81C90DFF8B4C335
:1012B000DFF8B4B3D0E90234634003EA0A036340C1
:1012C00013444A6802920AEB7363029CC84A2244A0
:1012D000C468224484688AEA04051D4065401544B8
:1012E0008A68039203EB3555039CC24A2244846802
:1012F00022448AEA03042C4084EA0A041444CA689B
:1013000005EBF4340492164483EA05022240564465
:101310005A4032440E69059604EBB222059FB64E40
:101320003E441E4485EA040313406B4033444E6937
:10133000069602EB7363069FB04E3E442E4484EA49
:1013400002051D40654035448E69079603EB35550F
:10135000079FAB4E3E44264482EA03042C4054408F
:101360003444A84E4E4405EBF434164483EA050297
:1013700022405A4032440E6A089604EBB222089F7B
:10138000A14E3E441E4485EA040313406B4033449F
:101390004E6A099602EB7363099F9C4ED1F830E0C8
:1013A0003E44D1F83880F3442E4484EA02051D40BF
:1013B000654035448E6AA6F5244703EB35550A96F9
:1013C0004F3F274482EA03042C4054403C44CF6AF8
:1013D0000B9705EBF4340B9E8D4F3744029E174458
:1013E00083EA050222405A403A448A4F774404EB8C
:1013F000B2221F4485EA040313406B403B444F6B09
:10140000BC4402EB7363654484EA020C0CEA030CEF
:101410008CEA040C6544DFF854C2C44403EB355530
:10142000A44482EA03042C4054406444D1F83CC0F4
:10143000794905EBF4346144114483EA0502224002
:101440005A400A44754904EBB2223144079E1944BC
:1014500084EA02032B4063400B44714902EBF363BF
:1014600031440B9E0D4482EA03012140514029443E
:101470006C4D03EBF1513544019E254483EA010490
:1014800014405C402C44684D01EBB4443544069E46
:10149000154481EA04021A404A402A44634D04EB91
:1014A000323235440A9E1D4484EA02030B406340F5
:1014B0002B445F4D02EBF3633544059E0D4482EAF5
:1014C00003012140514029445A4D03EBF151654439
:1014D000254483EA010414405C402C44564D01EB42
:1014E000B4443544099E154481EA04021A404A4036
:1014F0002A44524D04EB32323544049E1D4484EAA2
:1015000002030B4063402B444D4D02EBF363454413
:101510000D4482EA0301214051402944494D03EB27
:10152000F1513544089E2C4483EA010515405D4085
:101530002C44454D01EBB4443544039E2A4481EAD2
:1015400004051D404D402A44404D04EB32323D44D9
:101550002B4484EA020593440D4065402B443C4DE6
:1015600002EBF3633544069E294482EA03052540D5
:1015700055402944374D03EBF1514D442C4483EA47
:10158000010515405D40254401EBB54581EA0504A0
:1015900004EA03024A405A44A6F5B82B089E05EB1C
:1015A0003232ABF2BE6B54405B4423442A4C344489
:1015B00002EB33730B9E0C4485EA0201594021442F
:1015C000264C344403EB7151029E254482EA030405
:1015D0004C402544224C444401EB3545144483EAF5
:1015E00001026A40224443E078A46AD7EECEBDC12E
:1015F00056B7C7E8DB702024AF0F7CF52AC68747B3
:10160000134630A8019546FDD8988069AFF7448B02
:10161000BED75C892211906B2108B44962251EF661
:1016200040B340C0515A5E26AAC7B6E95D102FD616
:101630005314440281E6A1D8C8FBD3E7E6CDE121EB
:10164000D60737C3870DD5F4ED145A4505E9E3A94C
:10165000F8A3EFFCD9026F6781F6718722619D6D57
:101660000C38E5FD937198FD8A4C2A8D8E4379A63E
:10167000934C344405EB7222059E1C4481EA050319
:10168000534023448F4C344402EB33730A9E0C4482
:1016900085EA0201594021448B4C4C4403EB7151C3
:1016A000254482EA03044C402C44884D354401EB28
:1016B0003444019E154483EA010262402A44844D69
:1016C0003D4404EB72221D4481EA040353402B4441
:1016D000804D354402EB3373049E294484EA0205AD
:1016E0005D4029447C4D354403EB7151079E2544F0
:1016F00082EA03044C402C44784D354401EB3444D9
:10170000099E2A4483EA010565401544744A32441F
:1017100004EB7525039E134481EA04026A401A44CF
:10172000704B734405EB32720B4484EA050151405F
:1017300019446D4B634402EB71511C4485EA02036A
:101740004B401C44694B334401EB3444019E1D441F
:1017500082EA010363402B44654D04EB7323354457
:10176000069E154463EA010262402A44614D03EB80
:10177000B2624D4462EA040929445F4D89EA0309D3
:10178000454449442C445D4D02EBB1513544049E1F
:1017900061EA03081D4488EA0208444401EB7444EA
:1017A00064EA02034B402B44554D04EBF32375448C
:1017B00063EA010E15448EEA040E0EEB0502514D4C
:1017C00003EBB262354462EA040E29440A9D8EEAB4
:1017D000030EA5F580164C4D7144A6F6833602EB38
:1017E000B151264461EA030454403444029E01EBA3
:1017F0007444354464EA02061D444E407319089E41
:10180000424D04EBF323354463EA01061544664078
:1018100072193F4D03EBB262654462EA0406294443
:101820003C4D5E403144079E02EBB151354461EAC4
:1018300003062C44384D56403D443444059E1D4417
:1018400001EB744464EA02034B402B44334D04EB38
:10185000F32335440B9E154463EA010262402A4497
:101860002F4D03EBB2623544039E0D4462EA04013E
:10187000594029442B4D02EBB15135442A4E2544A1
:1018800061EA030454402C44099D01EB74442E4446
:1018900064EA02051E4485EA01039D1903681A449F
:1018A0000AEB040303EBF5230260436083681C44E6
:1018B000C36819448460C1600DB0BDE8F08F00BFFB
:1018C00044EABEA4A9CFDE4B604BBBF670BCBFBEE2
:1018D000C67E9B28FA27A1EA8530EFD4051D88042F
:1018E00039D0D4D9E599DBE6F87CA21F6556ACC4A3
:1018F000442229F497FF2A43A72394AB39A093FCF1
:10190000C3595B6592CC0C8FD15D84854F7EA86FE7
:10191000E0E62CFE144301A3A111084E827E53F78A
:1019200035F23ABDBBD2D72A91D386EB094B03607F
:1019300003F18833436003F12943A3F59613A3F61B
:101940008B638360A3F18833C3600023C0E9043351
:10195000704700BF012345672DE9F843144602692B
:1019600005460E46E300C2F3C50800F118079B18B0
:10197000036122BF43690133436112F4FC7F436971
:1019800003EB5473436114D0C8F1400907EB08001E
:101990004C4504D22246BDE8F84307F00BBC403C5E
:1019A0004A464E4407F006FC444439462846FFF7B1
:1019B0006FFCA04606EB0409B8F13F0FA9EB080144
:1019C0000AD94022384607F0F5FB39462846A8F1E7
:1019D0004008FFF75DFCEFE7A1096FF03F023846D2
:1019E00002FB014206EB8111D5E7000070B50B69DF
:1019F00001F1180506460C46C3F3C503EA18501C4E
:101A00008022EA54C3F13F02072A1FD8002100F0C8
:101A100087F929462046FFF73BFC3822002128465B
:101A200000F07EF9236929462046236563696365D2
:101A3000FFF72EFC21461022304607F0BBFB204664
:101A400058220021BDE8704000F06AB9C3F13702A6
:101A50000021E5E72DE9F84F4FF47A7306460D466D
:101A6000002402FB03F7DFF85080DFF8509098F96C
:101A700000305FFA84FA5A1C01D0A34210D159F801
:101A800024002A4631460368D3F820B03B46D847A5
:101A9000854205D1074B012083F800A0BDE8F88FEF
:101AA0000134042CE3D14FF4FA7004F0A5FD0020BA
:101AB000F4E700BF4434002010220020142200204C
:101AC000002307B5024601210DF107008DF807300C
:101AD000FFF7C0FF20B19DF8070003B05DF804FBDD
:101AE0004FF0FF30F9E700000A46042108B5FFF780
:101AF000B1FF80F00100C0B2404208BD074B0A466A
:101B000030B41978064B53F821400146236820462B
:101B1000DD69044BAC4630BC604700BF4434002054
:101B200014220020A086010070B50A4E00240A4D40
:101B300005F0DCF9308028683388834208D905F045
:101B4000D1F92B6804440133B4F5003F2B60F2D384
:101B500070BD00BF463400200034002005F094BA68
:101B600000F1006000F500300068704700F100608F
:101B7000920000F5003005F015BA0000054B1A6818
:101B8000054B1B889B1A834202D9104405F0AAB961
:101B900000207047003400204634002038B5044649
:101BA000074D29B128682044BDE8384005F0B2B996
:101BB0002868204405F09CF90028F3D038BD00BF08
:101BC000003400200020704700F1FF5000F58F1016
:101BD000D0F8000870470000064991F8243033B16E
:101BE00000230822086A81F82430FFF7BFBF0120D4
:101BF000704700BF04340020014B1868704700BFD5
:101C00000010005C194B01380322084470B51D68B0
:101C1000174BC5F30B042D0C1E88A6420BD15C6834
:101C20000A46013C824213460FD214F9016F4EB1AD
:101C300002F8016BF6E7013A03F10803ECD18142A7
:101C40000B4602D22C2203F8012B0424094A1688E1
:101C5000AE4204D1984284BF967803F8016B013CF0
:101C600002F10402F3D1581A70BD00BF0010005CED
:101C70002422002088930008022803D1024B4FF051
:101C800080529A61704700BF00100258022803D1A9
:101C9000024B4FF480529A61704700BF0010025807
:101CA000022804D1024A536983F480535361704778
:101CB0000010025870B504464FF47A764CB1412CAE
:101CC000254628BF412506FB05F0641B04F094FC63
:101CD000F4E770BD002310B5934203D0CC5CC4542C
:101CE0000133F9E710BD0000013810B510F9013FCC
:101CF0003BB191F900409C4203D11AB10131013A44
:101D0000F4E71AB191F90020981A10BD1046FCE7CB
:101D100003460246D01A12F9011B0029FAD1704776
:101D200002440346934202D003F8011BFAE77047CE
:101D30002DE9F8431F4D14460746884695F82420A0
:101D400052BBDFF870909CB395F824302BB9202259
:101D5000FF2148462F62FFF7E3FF95F82400414634
:101D6000C0F1080205EB8000A24228BF2246D6B28D
:101D70009200FFF7AFFF95F82430A41B17441E44D0
:101D80009044E4B2F6B2082E85F82460DBD1FFF768
:101D900023FF0028D7D108E02B6A03EB820383429C
:101DA000CFD0FFF719FF0028CBD10020BDE8F88382
:101DB0000120FBE704340020024B1A78024B1A7012
:101DC000704700BF4434002010220020F8B5194CA1
:101DD000194803F019FF2146174803F041FF246812
:101DE0004FF47A70154ED4F89020154DD2F804387F
:101DF000114F43F00203C2F80438FFF75BFF20469F
:101E0000104904F03BF8D4F890200424D2F80438A8
:101E100023F00203C2F804384FF4E133336055F87D
:101E2000040BB84202D0314603F04CFE013CF6D11F
:101E3000F8BD00BF889B0008784900202C340020A2
:101E400014220020909B00080C4B70B50C4D0446EA
:101E50001E780C4B55F826209A420DD00A4B0021D3
:101E600018221846FFF75CFF0460014655F826006B
:101E7000BDE8704003F026BE70BD00BF44340020B2
:101E800014220020784900202C340020F0B5A1B0A5
:101E900071B600230120002480261A46194602F05C
:101EA00073FD4FF4D067214A3D25136923BBD2F857
:101EB00010310BBB036804F1006199600368C3F83B
:101EC0000CD003685E6003681F6001680B6843F014
:101ED00001030B6001680B6823F01E030B600168AF
:101EE0000B68DB07FCD4037B8034416805FA03F3FD
:101EF000B4F5001F0B60D8D102F07CFDB4F5001FD3
:101F000011D000240A4E0B4D012005F0BDF8338896
:101F1000A34205D928682044013404F0FBFFF6E70A
:101F2000002005F0B1F861B621B0F0BD00200052EC
:101F3000463400200034002030B50A44084D914258
:101F40000DD011F8013B5840082340F30004013B39
:101F50002C4013F0FF0384EA5000F6D1EFE730BDC8
:101F60002083B8ED10B5084C01220849002001F08B
:101F7000B3FE23783BB1064803F01CFD044803F090
:101F80004FFD0023237010BD4834002098930008B3
:101F9000283700201D482DE9F041036D2BB901229F
:101FA0004FF48051503005F0D3FA194E33780BB10D
:101FB000FFF7D8FF0324174F4FF00008134D1549C2
:101FC0002846C7F8048003F01DFD284603F056FBA1
:101FD00048B1013C284603F023FD14F0FF04EED184
:101FE000204634700FE00C4901220C4801F074FEC9
:101FF000014618B1284603F0DDFCEAE7084800F086
:1020000011F801203070BDE8F08100BF28370020B2
:10201000483400203C220020989300084C340020D3
:102020009C9300080FB4002004B07047006870470C
:1020300003460068596870470B0A017043700B0C27
:10204000090E8370C1707047110A027003714170EC
:10205000110C120E8170C2701A0A42711A0C1B0EFA
:102060008271C37170470000C36A0239023B8B4220
:1020700083BF4389006C01FB030000207047000010
:10208000C2F307238A76CB760378032B01BF120CA9
:102090000A75120A4A75704700F10B010022D3013C
:1020A00043EA520310F8012B52FA83F38842DAB262
:1020B000F5D110467047000010B541780446002065
:1020C000013102464901022A16BFA35C032203EB39
:1020D000C03302F101021EBF9BB203EB500398B262
:1020E0009142F0D810BD000002684AB1134613F8BF
:1020F000011B1F290DD93A29F9D1911C8B4202D01D
:102100004FF0FF3070471278302AF9D10360002079
:102110007047014B187870479836002038B50D4647
:10212000044618B9092000232B6038BD0368002B32
:10213000F8D01A78002AF5D08188DA889142F1D156
:10214000587804F0F5FB10F00100EBD12368EBE7C1
:1021500038B50D4640F25231144602F0B9F9FF2865
:1021600007D9012C0BD9030A022468702B70204672
:1021700038BD30B1002CFAD001242870F7E70024D4
:10218000F5E70446F3E700002DE9F8430026D0F810
:10219000008005460C468E76836B002B4AD098F85B
:1021A0000030042B4BD133463546402720E0B7F5AD
:1021B000187F80F0C480F90606F1010608BF0237D7
:1021C000D05B02372BB900F5205292B2B2F5006F06
:1021D0000DD305F11A01C5F1FF0240EA0340214485
:1021E000FFF7B6FF002800F0AA8005440020034650
:1021F000D8F8102092F82310B142D8D8002B40F024
:102200009E80002D00F09B8000232544AB766373F5
:10221000D8F81020137903F03701DB0621730BD4B3
:1022200002F13800FFF704FFC4E9000193896381DC
:10223000D3892381BDE8F88300200146F4E7C36C0D
:1022400001335ED1EA6B00232E26551E184615F881
:10225000011F013020290CD0052908BFE5210928DC
:1022600004D10B2B9EBFE71801337E73E7180133AF
:1022700079730B28EBD1E11800204873A17E002967
:102280004BD1002B40D06FF00C0604F10D00082557
:10229000361B331810F8011B002938D02E298BB2B9
:1022A0004AD0A3F14101192903D8117B0D4200D076
:1022B00020330373EDE7B9F1000F05D100F520538A
:1022C0009BB2B3F5006F0BD307F11A01C7F1FF0200
:1022D00040EA09402144FFF73BFF48B10744002092
:1022E00002368146D8F80C30985B0028E3D1384696
:1022F000B9F1000F4FF0000218BF002023189A76A2
:10230000A0E7B1463746EDE73F23A37601232344F8
:1023100000219976137B03B96373D37A02F11C0011
:1023200003F03F0323730023FFF780FE2060636008
:10233000D38A6381138B7CE710250B46B9E73F23D3
:102340000125A37660E7000038B50546002435F87E
:10235000020B08B9204638BD02F0EEF86308C2B29D
:1023600003EBC43312FA83F39AB2C0F3072303EBEF
:10237000520303EBC2339CB2E9E7000037B5C378E0
:1023800004461BB90025284603B030BD00F14C01BE
:10239000826C01234078019104F0F0FA054680B97F
:1023A000A36BE070A06C226BC31A9342EAD2A378AD
:1023B0000199022BE6D102440123607804F0DEFA91
:1023C000E1E70125DFE7000038B5836C05460C46E0
:1023D0008B4210D0FFF7D2FF60B92246012305F1EE
:1023E0004C01687804F0A6FA00281CBF4FF0FF34B7
:1023F0000120AC6438BD0020FCE7000038B50023A4
:102400000446C3704FF0FF338364FFF7DDFF0028FD
:102410004BD1B4F84A524AF655239D4207D10B22BC
:10242000254904F14C0006F0B5FE00283FD094F891
:102430004C30EB2B03D01833DBB2012B2ED84AF6ED
:1024400055239D4206D108221C4904F19E0006F046
:10245000A1FE48B3B4F85730B3F5007F1ED194F80D
:102460005930DBB15A1E1A4218D1B4F85A30ABB108
:1024700094F85C30013B012B10D8B4F85D306BB19F
:10248000B4F85F307F2B06D804F16C00FFF7CEFD67
:10249000B0F5803F02D3B4F8623053B94AF6552004
:1024A00085420CBF0220032038BD0420FCE7012038
:1024B000FAE70020F8E700BFC8930008D4930008AB
:1024C00002392DE9F04701F007044FF0010A466C8C
:1024D00005460AFA04F41746984606EB1136C1F38E
:1024E000C809E4B2314628460136FFF76DFF18B13E
:1024F0000120BDE8F087994605EB090292F84C30BF
:10250000234214BF01210021414513D06340013F04
:1025100082F84C3085F803A0EBD0640014F0FF047F
:10252000EAD109F1010301244FF00009B3F5007F5E
:10253000E1D1D7E70220DCE701290246F8B50C46D5
:1025400040F28C800668F36A8B4240F287803378D1
:10255000013B032B00F28280DFE803F00229384BB5
:1025600004EB5405B16B304601EB5521FFF72CFF0E
:1025700010B14FF0FF30F8BD6F1CC5F30805B16B0B
:102580003046354401EB572195F84C50FFF71CFFBE
:102590000028EED1C7F30807E3073E4496F84C0045
:1025A00045EA00204CBF0009C0F30B00E3E7B16B24
:1025B000304601EB1421FFF707FF0028D9D1640052
:1025C00004F4FF742644B6F84C00D4E7B16B3046EF
:1025D00001EBD411FFF7F8FE0028CAD1A40006F1E0
:1025E0004C0004F4FE742044FFF720FD20F07040FE
:1025F000C1E7D0E90430D57953EA000101D09168F0
:1026000001B95DBB9168022DA4EB01010DD1013B25
:10261000728940F1FF305B0A43EAC053B3FBF2F327
:1026200099421BD81CD0601CA5E7032D02D19369E9
:102630008B42F8D8D3699BB9B16B304601EBD4110A
:10264000FFF7C2FE002894D1A0004C3600F4FE70C3
:102650003044FFF7EBFC20F000408CE701208AE7D4
:102660006FF0004087E70000F8B5066804460D46A5
:102670003378042B0CBF4FF080524FF400128A4283
:1026800001D80220F8BDCA06FBD182680163D2B925
:10269000022B13D83389B3EB551FF2D9F36BA36325
:1026A000A36B6263002BECD003EB55234C36C5F3D0
:1026B00008050020A3633544E563E3E7F36BC271CB
:1026C000002BE7D01A4677897F02BD42114604D21B
:1026D0003046FFF7C9FCA063E2E72046FFF72CFF76
:1026E000431C024606D00128CBD9F36A8342C8D9DD
:1026F000ED1BEAE70120C5E701292DE9F047064671
:102700000C46174608D9C36A8B4205D90378022BB9
:1027100062D003D8012B22D0022552E0033B012BCB
:10272000FAD8816B01EBD411FFF74EFE0546002865
:1027300047D1A40006F14C0304F4FE741C44337822
:10274000042B07D0204627F07047FFF76FFC00F0FE
:102750007040074339462046FFF76EFC2FE001EB3F
:102760005108816B01EB5821FFF72EFE054640BB57
:1027700014F0010406F14C0908F1010AC8F3080835
:1027800008BFFBB230461FBF19F8083003F00F0234
:102790003B0103F0F00318BF134309F8083001238D
:1027A000B16BF37001EB5A21FFF70EFE054640B9FD
:1027B000CAF3080A44B1C7F3071709F80A700123DE
:1027C000F3702846BDE8F08719F80A30C7F30327ED
:1027D00023F00F031F43F0E7816B01EB1421FFF798
:1027E000F3FD05460028ECD1640006F14C0304F427
:1027F000FF741F551919C7F307274F70DFE7000053
:10280000F8B504460E461746E3690BB91846F8BDFD
:10281000012BA6EB0305206814BFAA1C3A46691CCD
:10282000FFF76AFF0028F2D1E369013BE361EBE7C0
:1028300001292DE9F84306460C461746056802D8DB
:102840000220BDE8F883EB6A8B42F9D97AB9A14638
:1028500021463046A046FFF76FFE0446B0B92B78FC
:10286000042B02D1002F43D1F7710020E9E72B7828
:10287000042B02D1C379022BE9D04FF0FF32394645
:102880002846FFF739FF0028E1D0DAE70128D7D042
:10289000421C01D10120D4E72B78042B19D1EA6A1C
:1028A000AB69023A93421CD308F10102A2420CD058
:1028B0002B78042B08D10023A2EB090249462846B5
:1028C000FFF7FEFD0028BCD1A146EB6AA342BFD8AA
:1028D000C5E7002241462846FFF70EFF0028DED05C
:1028E000AFE70133AB612B7943F001032B71DBE7D9
:1028F000F3798BB9B468BC4202D10223F371B4E717
:1029000021463046FFF718FE012899D9431CC1D053
:1029100001348442EFD0A8E7032BA6D1B368BB42B1
:10292000A3D8B2691344BB429FD3E6E770B5C3791D
:102930000446032B06D181688369CD18A94203D1CF
:102940000023E371002070BD4E1C20683246FFF763
:10295000D3FE0028F7D13146F0E700002DE9F74318
:1029600005460191FFF70AFD0446002849D105F10B
:102970004C09019928464FF40072FFF775FB214678
:10298000A86407464846FFF7CBF96C896402B4F5A2
:10299000004F28BF4FF40044B4F5007F2FD92046E4
:1029A00004F052FC804630B122460021640A002621
:1029B000FFF7B6F909E06408EEE72346BA19414685
:1029C000687803F0DBFF18B926446B899E42F4D384
:1029D000404604F049FC6889801B18BF012003B001
:1029E000BDE8F08301366B899E42F4D20123BA1907
:1029F0004946687803F0C2FF0028F3D0EBE70026D1
:102A0000F1E70120EBE70000F8B50446FFF7B6FC5C
:102A10000546002842D12378032B37D12779012F8F
:102A200034D104F14C0601464FF400723046FFF7F2
:102A300077F955234122722184F84A32AA2304F5FA
:102A40000D7084F84F2084F84B32522384F83012F2
:102A500084F84C3084F84D30612384F8311284F8C6
:102A60004E3084F83332A16984F83222FFF7E4FA59
:102A7000616904F50E70FFF7DFFA626B3B46314681
:102A800001326078A26403F079FF2571002260783A
:102A9000114603F097FF003818BF0120F8BD000071
:102AA00000232DE9F0430B6085B00F461546FFF774
:102AB0001BFB061EC0F2B281804B53F82640002C4F
:102AC00000F0AE813C6005F0FE0523786BB16078C4
:102AD00003F02EFFC70708D41DB110F0040500D085
:102AE0000A25284605B0BDE8F0830023F0B2237024
:102AF000607003F009FFC10700F194810DB1420736
:102B0000EED400212046FFF779FC022840F099809E
:102B10006E4604F2122304F2522132461846103354
:102B2000FFF784FA42F8040B8B42F7D1002556F8E0
:102B3000041B00297DD02046FFF760FC012879D8CE
:102B40000128A26C40F0C08004F1570304F18C010D
:102B500013F8015B002D7BD18B42F9D1B4F8B4306E
:102B6000B3F5807F74D194F8B830092B70D104F19B
:102B70009400FFF75DFA4FF0FF33171841F10001A1
:102B8000BB4275EB010363D304F1A000FFF74EFADB
:102B900094F8BA302063012BA37059D194F8B990FE
:102BA00003FA09F91FFA89F36381002B50D0444BD3
:102BB00004F1A800FFF73AFA0646984248D8831C69
:102BC000626304F1A400E362FFF730FA00EB02084D
:102BD00004F19C00C4F84080FFF728FA10441FFA63
:102BE00089F2A06306FB02F313EB080345EB050231
:102BF0009F4271EB02032BD32E4604F1AC00FFF78A
:102C000015FAE06365B96389B34221D9E16B2046C7
:102C1000FFF72AFA81192046FFF7D6FB98B901364B
:102C2000631993F84C30812B14D02035C5F3080577
:102C3000E8E703200135042D7FF479AF042807D19C
:102C400001E0042801D101254BE701287FF678AF88
:102C50000D2546E705F1140004F14C063044FFF75A
:102C6000E5F901280546F3D9E36A8342F0D9618981
:102C7000821E236C02FB01336364A16B204601EBCF
:102C8000D511FFF7A1FB0028DDD105F07F0006EB91
:102C90008000FFF7CBF9431C03D00135A842ECD0EC
:102CA000D6E70425C4E90500064A257000251388E7
:102CB000E56101339BB21380E38012E79C3600206C
:102CC000FDFFFF7FA0360020B4F85730B3F5007F3A
:102CD000BED1B4F8626026B904F17000FFF7A6F91E
:102CE000064694F85C302663591EA3700129AFD8BC
:102CF00094F859506581002DAAD0691E2942A7D1A8
:102D0000B4F85D8018F00F0FA4F80880A0D1B4F8D3
:102D10005F0018B904F16C00FFF788F9B4F85A1095
:102D2000002995D006FB03FE01EB181CF444604516
:102D30008ED3A0EB0C00A842B0FBF5F388D33E483D
:102D4000834285D84FF6F57083426DD903259F1CC9
:102D5000114402EB0C03032DE7626263A163236459
:102D60004CD1B4F8763053EA08037FF471AFBB005E
:102D700004F17800FFF75AF9E06303F2FF13B6EBB2
:102D8000532FFFF465AF4FF0FF33032DC4E9053334
:102D90004FF08003237187D1B4F87C30012B83D1AD
:102DA000511C2046FFF710FB00287FF47DAFB4F8DC
:102DB0004A224AF6552320719A427FF475AF1F4B81
:102DC00004F14C00FFF732F998427FF46DAF03F144
:102DD000FF5304F50C70FFF729F903F50053203376
:102DE00098427FF461AF04F50D70FFF71FF9A06101
:102DF00004F50E70FFF71AF9606155E7B8F1000F9E
:102E00003FF426AF7144022D4FEA4703E1631EBF32
:102E1000D91907F0010303EB5103AEE70B2560E678
:102E20000C255EE603255CE640F6F575AB428CBFEB
:102E3000022501258BE700BFF5FFFF0F52526141CC
:102E40002DE9F84F07460568884649B96E69C6B14D
:102E5000EB6AB34298BF0126AB69A3B9002405E031
:102E6000FFF76AFB0128044603D801242046BDE889
:102E7000F88F421C00F0D280EB6A8342F6D84646B7
:102E8000EAE70126E8E72A78EB6A042A40F0838023
:102E9000A6F1020A023B4FF0010B9A4528BF4FF002
:102EA000000AD146696C284601EB1931FFF78CFA0C
:102EB00000283BD109F00703EA6AC9F3C8010BFAFD
:102EC00003F3901EDBB26A184C4609F1010992F82F
:102ED0004C20814502EA030233BF5B0000234FF41C
:102EE0000071DBB228BF9946B2B90234631E0333C6
:102EF000BCD80123214628461A46FFF7E1FA0228EA
:102F0000B3D0012800F08A80B8F1000F13D102235A
:102F1000FB710028A9D130E0CA450AD0002BD2D1DC
:102F20000131B1F5007FBDD20123CCE74FF0FF3472
:102F3000DCE70024DAE7FB79022B07D1731CA342FC
:102F4000E7D0BB68F31ABB610323FB7108F10102F0
:102F5000FB69A24205D113B10133FB61D9E702231A
:102F6000FBE70BB90123FB61224641463846FFF7D8
:102F700047FC00284FD10123FB61EA6AAB69023AA2
:102F80006C6193429CBF03F1FF33AB612B7943F03B
:102F900001032B716AE7464514D1741C3846A342DD
:102FA00098BF02242146FFF7C7FA01283FF45DAF1E
:102FB000431C33D0E0B16B69012B03D9EA6A934219
:102FC00038BF1E4634460134EB6AA34203D8012EB3
:102FD0007FF644AF022421463846FFF7ADFA48B1E8
:102FE00001283FF442AF013018D0B442EBD135E7AD
:102FF000002CE7D04FF0FF3221462846FFF77CFB3C
:1030000048B9B8F1000FB8D0224641462846FFF72C
:1030100073FB0028B1D001287FF427AF4FF0FF34B5
:1030200024E700002DE9F84306680446076B89464B
:1030300033782037042B0CBF4FF080534FF400132C
:10304000BB429CBF00238363836B73B1C7F3080843
:10305000B8F1000F3CD10133416B836339B9338937
:10306000B3EB571F34D80023A36304200AE073890D
:10307000013B13EA57232BD1FFF75EFA01280546DF
:1030800002D80220BDE8F883421C01D10120F9E7F3
:10309000F36A834216D8B9F1000FE4D0616B204681
:1030A000FFF7CEFE0546C8B10128EAD0431CEDD09B
:1030B00001463046FFF752FC0028E7D1E37943F0A0
:1030C0000403E371294630466563FEF7CDFFA06334
:1030D0004C36002027634644E663D3E70720D1E758
:1030E000F8B50E46002104460768FFF7BDFA98B907
:1030F0000546A16B3846FFF767F968B93A78E36B84
:10310000042A1B780CD11B060ED50546012120464A
:10311000FFF788FF0028ECD0042808BF072006E04E
:10312000E52B01D0002BF0D10135B542EED1F8BD31
:10313000C16C4B1C2DE9F04104460568066B1FD19C
:10314000E5274FF00108A16B2846FFF73DF998B934
:103150002A78E36B042A09BF1A781F7002F07F02F5
:103160001A7085F80380236BB3420DD200212046EC
:10317000FFF758FF0028E6D0042808BF022003E02C
:10318000FFF772FA0028DBD0BDE8F0812DE9F041AD
:1031900005460068A96B0669FFF716F9044620B9D1
:1031A000EB6B1A78852A03D002242046BDE8F08113
:1031B000324603F1200153F8040B8B4242F8040B12
:1031C000F9D1777801377F01A7F16003B3F5007F6C
:1031D000EAD800212846FFF725FF04280446E3D05B
:1031E0000028E2D1A96B2868FFF7EEF80446002812
:1031F000DBD1EB6B1A78C02AD6D106F1200203F19D
:10320000200153F8040B8B4242F8040BF9D196F8D5
:1032100023300F222C33B3FBF2F3B7EB431FC3D39E
:103220004FF0400800212846FFF7FCFE0428044622
:10323000BAD00028B9D1A96B2868FFF7C5F80446B1
:103240000028B2D1EB6B1A78C12AADD1B8F5187F3E
:1032500009D206EB080203F1200153F8040B8B425C
:1032600042F8040BF9D108F120084745DAD8B8F53F
:10327000187F9AD83046FEF71FFF7388834294D098
:1032800092E700000B68002210B5036004460B6A49
:1032900083604B6AC261C37123F0FF03896AC0E98E
:1032A0000432C164FFF7E0F920B92046BDE81040C0
:1032B000FFF76CBF10BD0000F8B503680546012795
:1032C0001C692046FEF7F8FEA070000A6678E070E0
:1032D0002846E96CFFF7C8F920B1022828BF022070
:1032E000C0B2F8BDA96B2868FFF76EF80028F4D1CA
:1032F000EB6B04F1200254F8041B944243F8041BC6
:10330000F9D12B68DF70002EE7D000212846013E5E
:10331000FFF788FEE0E700002DE9F8434FF0FF08D3
:1033200006460768042445464FF6FF79B16B11B98C
:10333000002C73D063E03846FFF746F804460028B7
:103340005DD1F06B0378002B6ED03A78042A11D14E
:10335000852B4DD1336B3046F364FFF717FF0446DE
:1033600000284CD13B691B7903F03F03B371204621
:10337000BDE8F883C27AE52B02F03F02B27143D078
:103380002E2B41D022F0200108293DD00F2A40D118
:10339000590637D503F0BF05336B90F80D80F36401
:1033A000437B434530D1428B72BB03780D21FC68CF
:1033B00023F04003DFF874E0013B4B4301211EF88A
:1033C00001CB30F80CC009B3FF2B1DD824F813C073
:1033D0006146013301320D2AF1D10278520605D53A
:1033E00021B1FF2B10D8002224F81320013DEDB2AB
:1033F00000213046FFF716FE0446002896D0002331
:10340000B363B4E7AB42CBD0FF25F1E7CC45E1D0C5
:10341000FAE72DB9FEF740FE404501D10024A6E7AA
:103420004FF0FF33F364A2E70424E8E77094000848
:103430002DE9F04F002187B00446D0F80090FFF747
:1034400013F9804670B999F80030042B33D1D9F8BC
:103450000C00FEF779FF07462046FFF75DFF0546A3
:1034600020B18046404607B0BDE8F08FD9F8103053
:103470009A8CBA42F0D193F823B040265D4506D12C
:10348000D9F80C3033F81530002BE5D1EAE7F10616
:10349000D9F8103008BF0236985B01F04DF8D9F822
:1034A0000C30824633F8150001F046F88245D3D13E
:1034B00002360135E2E74FF0FF0A4FF0FF3B554679
:1034C000C4F84CB0A16B4846FEF77EFF00285CD1E3
:1034D000E66B3778002F77D0F27AE52F02F03F03C2
:1034E000A37103D0120704D50F2B04D0C4F84CB03D
:1034F0004FE00F2B54D194F84B3058063FD4790647
:1035000045D5236B07F0BF0796F80DA0E364737BE6
:1035100053453ED1738B002B3BD135780121D9F82F
:103520000C3005F03F0501930D23013D5D43284B11
:1035300013F8012BB25A71B3FF2D059329D8104609
:10354000049200F0F9FF6B1C03900293019B33F887
:10355000150000F0F1FF039981421AD1049A029DEF
:103560001146059B1B4A9342E2D133785A0604D593
:1035700019B1019B33F815305BB97D1EEDB2002106
:103580002046FFF74FFD00289CD080466AE7BD42E9
:10359000BDD0FF25F3E74FF6FF708242E2D0F8E797
:1035A0002DB93046FEF778FD50453FF45BAF94F8F7
:1035B0004B30DB079AD40B2204F14001304605F072
:1035C000E9FD002892D14DE74FF004084AE700BF1B
:1035D000709400087D9400082DE9F04F90F84BB0EE
:1035E00099B004461BF0A00540F068810668F268B7
:1035F00032F81530002B4AD13378042B40F0878005
:103600000F230E352046B5FBF3F5A91CFFF768FD27
:103610008146002877D1236B0135A3EB4515E3796B
:103620005A07E56435D523F004032046E371FFF71C
:103630007DF950BB4FF0FF32616B2046FFF7E0F899
:1036400018BBA3682BB3214604A8FFF71BFEE0B903
:1036500070894FF40071D4E90423E0FB0123306941
:10366000C4E904233830FEF7EFFC3069D4E90423C1
:103670002830FEF7E9FCE379326904A843F001033E
:1036800082F82130FFF718FE18B181463BE0013582
:10369000AEE7D6E90354402200212046FEF740FB66
:1036A0008523012140222370C0234FF0C10C04EB7D
:1036B000010884F8203000231E469E46571C04F85B
:1036C00002C0F0B2023204F807E021B135F813105D
:1036D00009B10133DBB20F0AA15408F802700232BB
:1036E000D706F2D135F813700136002FE6D184F8F1
:1036F0002330831C28466370FEF726FE84F82400DE
:10370000000A84F82500484619B0BDE8F08F04F19E
:1037100040070DF1100A1BF0010F97E807008AE837
:10372000070000F0D38040234FF0010884F84B30AD
:10373000BC46F368B8F1050F9AE80700ACE803004F
:103740002CF8022B4FEA12428CF8002059D9981E0F
:10375000424630F8021F002942D10DF10F0C07211B
:1037600002F00F0E914612090EF13000392888BF81
:103770000EF1370001390CF8010902D0B9F10F0F31
:10378000EED818AB7E205A1802F8580C38460022A2
:10379000914206D010F801CB02F1010EBCF1200FCE
:1037A00031D104F13F0C072902F1010297BF18AB98
:1037B00020205818013198BF10F8580C072A0CF82F
:1037C0000200F0D92046FFF733FE8146002878D169
:1037D00008F10108B8F1640FAAD14FF0070992E788
:1037E0004FF0100C01F0010E49080EEB4202D3031A
:1037F00044BF82F4883282F02102BCF1010CF1D185
:10380000A7E74246A9E77246C2E7216B2046A1EB33
:103810004511FEF729FF814600287FF474AF4FF66B
:10382000FF783846FEF738FC0190A16B3046FEF772
:10383000CBFD814600287FF466AFE36BE9B2019AC5
:103840004FF00D0CD6F80CE05A734FF00F02DFF872
:10385000E0A0DA724A1E18730CFB02F284469876D6
:10386000D87640451AF8019B0CF1010C18BF3EF8C0
:10387000120003EB090B18BF013203F809004FEAED
:103880001029002808BF4046BCF10D0F8BF80190AD
:10389000E7D1404502D03EF812200AB941F040017C
:1038A0001970012300212046F370FFF7BBFB81460E
:1038B00000287FF428AF013DB7D11BE04FF0060987
:1038C00021E704287FF41FAF84F84BB01BF0020FF0
:1038D00020461BBF0C350D210125B5FBF1F518BFA6
:1038E00001352946FFF7FCFB814600287FF40BAF2A
:1038F000013D8AD1A16B3046FEF766FD8146002866
:103900007FF401AF01462022E06BFEF709FAE36B7A
:1039100003CF18605960BA7839889A72198194F87F
:103920004B30E26B03F0180313730123F370EAE6E4
:103930007094000810B504460A463430FEF776FB52
:10394000886004F13800FEF773FBC2E9040194F8C3
:10395000213003F00203D3710023D36110BD0000B6
:1039600003284B8B04BF8A8A43EA024318467047F8
:103970002DE9F04F0B7899B0044689462F2BD0F8EB
:1039800000B001D05C2B09D14A4613789146013230
:103990002F2BFAD05C2BF8D0002301E0DBF81C3091
:1039A000A3600023E3619BF80030042B1ED1A368C1
:1039B000E3B1DBF82030214604A82362DBF8243091
:1039C0006362DBF82830A362FFF75CFC0346002843
:1039D00054D1DBF8102002F13800FEF727FBC4E9D0
:1039E000040392F8213003F00203E37199F80030E8
:1039F0001F2B00F2358180230021204684F84B30B4
:103A000019B0BDE8F04FFEF72FBE49460B78894646
:103A100001312F2BFAD05C2BF8D01F2B8CBF002547
:103A20000425012F2FD113882E2B31D1002322F80A
:103A3000173004F140029F428CBF2E212021013318
:103A40000B2B02F8011BF6D145F02005204684F827
:103A50004B50FFF7EDFC94F84B30002800F0E78066
:103A600004280BD1990603F0040240F1DC80002AFF
:103A700000F0F6808023002084F84B3019B0BDE8B8
:103A8000F08F0425CDE7022F02D153882E2BCAD008
:103A9000911E87BB002322F81730002F00F0118100
:103AA00032F81300194601332028F9D009B92E281D
:103AB00001D145F00305901E30F817302E2B01D0B0
:103AC000013FF9D14FF020334FF0000A6364D04634
:103AD0002364C4F847300823481C32F81160009072
:103AE000F6B1202E03D02E2E0DD1B84210D045F0C5
:103AF00003050099F0E731F81730202B01D02E2B69
:103B0000C8D1013FC5E79A4505D20099B9423BD1DA
:103B10000B2B30D101E00B2B27D145F003050B23F4
:103B200094F84020E52A04BF052284F84020082BA1
:103B300004BF4FEA88085FFA88F808F00C030C2BE2
:103B400003D008F00303032B01D145F00205A807B9
:103B50003FF57CAF18F0010F18BF45F0100518F0C5
:103B6000040F18BF45F0080570E70099B94202D06C
:103B700045F00305D4D84FEA88080B234FF0080A14
:103B800000975FFA88F8B4E77F2E15D9304640F2E7
:103B90005231CDE9022345F00203019300F098FC75
:103BA00010F0800F0646DDE9022316D000F07F06F4
:103BB00046498E5D019D46B331464548CDE9012316
:103BC00005F056FBDDE90123F8B9A6F1410189B200
:103BD00019291ED848F0020810E0FF28EAD9591E1A
:103BE0008A4503D345F003059A4682E704EB0A01B0
:103BF000000A0AF1010A019D81F8400004EB0A0164
:103C00000AF1010A81F8406073E745F003055F2679
:103C1000F4E7A6F1610189B219299EBF203E48F060
:103C20000108B6B2EAE7002A08BF052026E75A07CE
:103C30003FF524AFA379DB0645D59BF800000428A7
:103C400035D1A3682146E27923622369DBF81000AD
:103C500023F0FF0313436362E36CA362FFF76AFE82
:103C600023680027DA6819F8010B00283FF409AF30
:103C700040F25231009200F04BFC054608B31F2879
:103C8000009A7FF6FEAE2F283FF4BFAE5C283FF4CB
:103C9000BCAE7F2805D801460E4805F0E9FA009A27
:103CA00078B9FF2F0DD022F817500137DBE7216BD1
:103CB0000BF14C03C1F308011944FFF751FEA0605A
:103CC000CEE70620DAE60520D8E600BFF09300082C
:103CD000E9930008E09300081FB5CDE9001003A8A0
:103CE00014460391FEF700FA002815DB0B4A52F840
:103CF00020300BB100211970019B0BB1002119700C
:103D000042F820302CB1002201A96846FEF7C8FE17
:103D10000446204604B010BD0B24FAE79C36002070
:103D20002DE9F04798B0904605460191002800F033
:103D3000528102F03F0603A901A83246FEF7B0FE09
:103D4000002840F04681039B4FF48C60049303F0FD
:103D50007BFA0746002800F04081039B00F50072C3
:103D60000199D86004A81A61FFF702FE044620B941
:103D70009DF95B30002BB8BF062418F01C0F00F033
:103D8000CD80002C4CD0042C40D104A8FFF724FC9B
:103D9000044600283AD146F00806039B1A78042A04
:103DA00040F08380186929462B60FFF7C3FD039B11
:103DB0001E22002118690230FDF7B2FF039C00218A
:103DC0001A2220692630FDF7ABFF236920221A71E1
:103DD000246903F073FA0146012208342046FEF7F5
:103DE0002BF9039B04A81B6983F82120FFF764FAD1
:103DF000044658B9A96801B302462846FEF718FDE3
:103E0000AB68039A0446013B5361B4B1384603F0F2
:103E10002BFA0CB100232B60204618B0BDE8F087C8
:103E20009DF8163013F0110F40F0848018F0040F45
:103E300040F0C98018F0080FAFD1039A31071399E9
:103E4000936C48BF46F04006E964AB6410780428E0
:103E500072D1069B9DF817102B62089B106923F006
:103E6000FF030B4329466B62179BAB62FFF762FDB2
:103E7000DDF80CA00024002205F15008BAF8063045
:103E800021464046C5F800A0AB80002385F830608D
:103E900085F831406C64C5E90E234FF40072FDF7DC
:103EA0003FFFB20653D40024B0E703F007FA0146FF
:103EB000009013980E30FEF7BFF813980099163053
:103EC000FEF7BAF8039C13992078FFF749FD2023E9
:103ED00000228046CB7220461399FEF7D1F8139B3F
:103EE000002201211A775A779A77DA77039BD970E3
:103EF000B8F1000FA1D0414604A8D3F84890FEF7CE
:103F000097FC0446002881D149460398FEF75CFAE5
:103F1000039B044608F1FF30586176E7002C7FF4DC
:103F200075AF9DF81630DC064FD418F0020F84D020
:103F3000D80782D5072469E7FFF712FD0023A860A0
:103F400001F11C00FEF772F86B61286190E7D5E97A
:103F5000046956EA0903A6D0BAF80AA0A9684FEA8C
:103F60004A2AC5E90E69B24574EB09031BD3002444
:103F70002964002C7FF44AAFC6F30803002B92D0CB
:103F8000039C2046FEF770F808B3760A01234146E9
:103F900046EAC95682196A64607802F0CBFC041EB6
:103FA00018BF012432E72846FEF7C6FAB6EB0A0628
:103FB000014669F10009012803D9431CD3D101242A
:103FC000D6E70224D4E7082420E704241EE70224CD
:103FD0001CE704461EE709241EE711241CE7000025
:103FE0002DE9F04F994685B00023884603A9044681
:103FF000C9F800301646FEF791F8054680BB94F8E4
:1040000031506DBB94F8303013F00103009300F091
:10401000A68004F1500AD4E90432D4E90E011B1A37
:1040200062EB0102B34272F1000238BF1E46BEB11C
:10403000D4E90E10C1F30803002B40F08280039BEB
:104040005A894B0A013A43EAC0531A401BD151EA3C
:10405000000309D1A06801280DD8022584F8315049
:10406000284605B0BDE8F08F216C20460192FEF78E
:1040700063FA019AEFE7431C04D10123009D84F801
:104080003130EDE72064DDF80CB0216C5846FDF7C7
:10409000EBFF0028E1D0B6F5007F02EB000731D33B
:1040A000BBF80A1002EB5620730A88429BF8010005
:1040B00088BF8B1A3A464146019302F03BFC002828
:1040C000DBD194F93020019B002A0BDA606CC01B15
:1040D000984207D24FF40072514608EB4020FDF79A
:1040E000F9FD019B5F02D9F80030F61BB8443B4450
:1040F000C9F80030D4E90E32DB1942F10002C4E9FC
:104100000E3294E7626CBA421AD094F93030002B28
:104110000DDA012351469BF8010002F02FFC002824
:10412000ABD194F8303003F07F0384F8303003983B
:1041300001233A465146407802F0FCFB00289CD10E
:104140006764A16B4046C1F30801C1F50077514493
:10415000B74228BF37463A46FDF7BCFDC3E70725FF
:104160007EE7000070B596B00E460022019002A9CD
:1041700001A8FEF795FC0446E0B94FF48C6003F00B
:1041800063F80546D8B1029B00F500720199D8602A
:1041900002A81A61FFF7ECFB044640B99DF95330C1
:1041A000002B0ADB1EB1314602A8FDF7EDFF2846C1
:1041B00003F05AF8204616B070BD0624F7E7112424
:1041C000F8E7000070B5B8B00222019003A901A879
:1041D000FEF766FC044608BB039B4FF48C6010930B
:1041E00003F032F80546002866D0039B00F5007204
:1041F0000199D86010A81A61FFF7BAFB044650B9BC
:104200009DF88B30980655D4190653D49DF8463046
:10421000DA0706D50724284603F026F8204638B0EA
:1042200070BD039B04931878042814D104A918695D
:10423000FFF780FB069E9DF84630DB0610D410A8E1
:10424000FEF776FF04460028E5D156BB0398FEF73B
:10425000DBFB0446DFE71F99FFF782FB0646EAE730
:10426000039BDA69B242D5D024930021269624A874
:104270001B78042B01BFDDE90823CDE928239DF835
:1042800017308DF89730FEF7EFF904460028C2D1B9
:1042900024A8FFF741F804460028BBD00428BAD16F
:1042A000CDE70246314604A8FEF7C2FA04460028CC
:1042B000B1D1CBE70624AEE71124AFE7F0B5BDB02E
:1042C000CDE900106846FDF70FFF022203A901A8FF
:1042D000FEF7E6FB0446002841D1039B4FF48C60B7
:1042E000149302F0B1FF0546002800F0EE80039B16
:1042F00000F5007214AE0199D8601A613046FFF7DC
:1043000037FB044640BB9DF89B3013F0A00F40F0F4
:10431000D880039B009F1A78042A68D11B6904ACDB
:1043200003F1400C1868083353F8041C2246634517
:1043300003C21446F6D15022314628A8FDF7CAFC24
:10434000394628A8FFF714FB044600284CD12A9AC6
:10435000169B9A4206D00824284602F085FF204684
:104360003DB0F0BD349A209B9A42F4D128A8FFF7C3
:1043700033F904460028EFD1039B04AF1B6993F87F
:1043800001E093F823C09C8C3A46083303CAB2423A
:1043900043F8080C43F8041C1746F5D1039B28A8E2
:1043A0001B6983F801E0039B1A6982F823C01A692C
:1043B00082F82440240A82F825401A691379D90624
:1043C0005CBF43F020031371FEF776FF044600281C
:1043D000C2D13046FEF7ACFE04460028BCD103989B
:1043E000FEF712FB0446B7E70428B5D1BEE7239ACF
:1043F00004AB02F1200C1068083252F8041C1C4671
:10440000624503C42346F6D15022314628A8FDF761
:1044100061FC394628A8FFF7ABFA044600284CD1C6
:104420002A9A169B9A4296D1349A209B9A4292D10C
:1044300028A8FFF7D1F8044600288DD137990DF14F
:104440001D030DF12D0001F10D0253F8044B8342C1
:1044500042F8044BF9D11888012710809B7893709B
:104460009DF81B30039CDA0658BF43F02003CB7243
:10447000E770CB7ADB06ACD5169A2A9B9A42A8D075
:104480002078FFF76DFA01462046FDF7EDFD014665
:10449000C8B12046FDF798FF044600287FF45CAFC2
:1044A000039890F86D302E2B93D12A9A00F16C016D
:1044B000FDF7E6FD039BDF708BE704287FF44CAF2C
:1044C000B6E7062448E7022446E7112447E7000040
:1044D0007F2810B501D880B210BDB0F5803F13D24F
:1044E00040F2523399420FD10849002231F8024B71
:1044F00093B2844203D103F18000C0B2ECE70132F1
:10450000802AF3D11346F6E70020E5E7309700084C
:104510007F280DD940F25233994208D1FF2806D89E
:1045200000F10040034B803833F810007047002042
:10453000704700BF30970008B0F5803FF0B522D239
:104540001F4A83B21F49B0F5805F28BF0A46141D79
:1045500034F8042C2146AAB1934213D334F8025CF8
:104560002E0AEFB252FA85F5A84222DA082E09D8AF
:10457000DFE806F0050A10121416181A1C00801A3B
:1045800034F810301846F0BD981A00F001001B1ADC
:104590009BB2F7E7103BFBE7203BF9E7303BF7E73F
:1045A0001A3BF5E70833F3E7503BF1E7A3F5E35394
:1045B000EEE70434002ECBD101EB4702C7E700BF82
:1045C000809400087496000808B5074B074A1968DC
:1045D00001F03D01996053680BB190689847BDE8C0
:1045E000084003F0A5B800BF00000240A436002038
:1045F00008B5084B1968890901F03D018A019A60E4
:10460000054AD3680BB110699847BDE8084003F02C
:104610008FB800BF00000240A436002008B5084B48
:104620001968090C01F03D010A049A60054A5369B2
:104630000BB190699847BDE8084003F079B800BF16
:1046400000000240A436002008B5084B1968890D07
:1046500001F03D018A059A60054AD3690BB1106AE1
:104660009847BDE8084003F063B800BF000002406F
:10467000A436002008B5074B074A596801F03D01F0
:10468000D960536A0BB1906A9847BDE8084003F0BF
:104690004FB800BF00000240A436002008B5084B08
:1046A0005968890901F03D018A01DA60054AD36A37
:1046B0000BB1106B9847BDE8084003F039B800BF54
:1046C00000000240A436002008B5084B5968090CC8
:1046D00001F03D010A04DA60054A536B0BB1906B9F
:1046E0009847BDE8084003F023B800BF000002402F
:1046F000A436002008B5084B5968890D01F03D012A
:104700008A05DA60054AD36B0BB1106C9847BDE897
:10471000084003F00DB800BF00000240A43600209E
:1047200008B5074B074A196801F03D019960536CC1
:104730000BB1906C9847BDE8084002F0F9BF00BF8C
:1047400000040240A436002008B5084B1968890906
:1047500001F03D018A019A60054AD36C0BB1106DDE
:104760009847BDE8084002F0E3BF00BF00040240E4
:10477000A436002008B5084B1968090C01F03D016A
:104780000A049A60054A536D0BB1906D9847BDE8D5
:10479000084002F0CDBF00BF00040240A436002054
:1047A00008B5084B1968890D01F03D018A059A602A
:1047B000054AD36D0BB1106E9847BDE8084002F072
:1047C000B7BF00BF00040240A436002008B5074B65
:1047D000074A596801F03D01D960536E0BB1906EE4
:1047E0009847BDE8084002F0A3BF00BF00040240A4
:1047F000A436002008B5084B5968890901F03D012D
:104800008A01DA60054AD36E0BB1106F9847BDE894
:10481000084002F08DBF00BF00040240A436002013
:1048200008B5084B5968090C01F03D010A04DA602B
:10483000054A536F0BB1906F9847BDE8084002F0EE
:1048400077BF00BF00040240A436002008B5084B23
:104850005968890D01F03D018A05DA60054AD36F78
:1048600013B1D2F880009847BDE8084002F060BF5D
:1048700000040240A436002000230C4910B51A465B
:104880000B4C0B6054F82300026001EB430004332F
:104890004260402BF6D1074A4FF0FF339360D3605C
:1048A000C2F80834C2F80C3410BD00BFA436002092
:1048B00030980008000002400F28F8B510D91028E1
:1048C00010D0112811D0122808D10F240720DFF8AA
:1048D000B4E00126DEF80050A04208D9002649E0E5
:1048E0000446F4E70F240020F1E70724FBE706FA6B
:1048F00000F73D4240D1214C4FEA001C3D4304EB00
:1049000000160EEBC000CEF80050C0E90123FBB248
:104910004BB11B48836B43F001038363036E43F089
:1049200001030366036E17F47F4F09D01448836BAD
:1049300043F002038363036E43F002030366036ED6
:1049400054F80C00036823F01F030360056815F09A
:104950000105FBD104EB0C033D2493F80CC05F6808
:1049600004FA0CF43C6021240560446112B1987B88
:1049700000F0BAFC3046F8BD0130ADE730980008D1
:1049800000450258A436002010B5302484F3118865
:10499000FFF792FF002383F3118810BD10B5044682
:1049A000807B00F0B7FC01231049627B03FA02F21E
:1049B0000B6823EA0203DAB20B604AB90C4A916B26
:1049C00021F001019163116E21F001011166126E57
:1049D00013F47F4F09D1064B9A6B22F002029A63BF
:1049E0001A6E22F002021A661B6E10BDA436002059
:1049F0000045025808B5302383F31188FFF7CEFF36
:104A0000002383F3118808BD084BC26A994228BF6E
:104A10001946836C50688B4210B506D95A1E4C005B
:104A200002EB4103B3FBF4F3184410BD20BCBE00FD
:104A300001F001038A0748BF43F002034A0748BF59
:104A400043F008030A0748BF43F00403CA0648BFFF
:104A500043F010038A06426B48BF43F02003134320
:104A60004363704710B5074C204600F0BFFF064B6C
:104A70000022C4E91023054BA364054BE363054BF7
:104A8000E36410BD283700200070005200B4C40455
:104A90007C3700207C390020C36A0BB90E4BC362FF
:104AA0000379012B0CD10D4B984209D10C4B5A6B59
:104AB00042F480325A63DA6D42F48032DA65DB6D9B
:104AC000436C00221A65DA621A605A605A624FF02B
:104AD000FF329A63704700BF3099000828370020E2
:104AE000004502580379012B16D0436C00221A6549
:104AF000DA621A605A605A624FF0FF329A63074BCB
:104B0000984209D1064B5A6B22F480325A63DA6D0F
:104B100022F48032DA65DB6D704700BF2837002051
:104B20000045025810B5446C0649FFF76DFF606000
:104B3000236842F2107043F003032360BDE8104085
:104B400001F05ABD801A06000129F8B5466C0B4FDA
:104B500009D175680A493D40FFF756FF054345F402
:104B600080557560F8BD746806493C40FFF74CFFFE
:104B7000044344F480547460F4E700BF00ECFFFF8A
:104B800080F0FA0240787D01436C00225A601A607E
:104B900070470000426C0129536823F4404304D05D
:104BA000022905D001B95360704743F48043FAE706
:104BB00043F40043F7E70000436C41F480519A60EE
:104BC000D9605A6B1206FCD580229A6370470000A8
:104BD00010B541F48851446CA260E160616B11F042
:104BE0004502FBD0A26311F0040203D0FFF720FFBF
:104BF000012010BD616910461960FAE710B541F453
:104C00008851446CA260E160616B11F04502FBD0F9
:104C1000A26311F0050203D0FFF70AFF012010BDC7
:104C2000616910461960FAE773B5134604460E46EB
:104C3000302282F31188426CD26B32B14FF0FF31D7
:104C40004030019301F0E4FC019B606C002202659E
:104C5000C263C262456B15F4807504D185F3118877
:104C6000012002B070BD4FF0FF31816382F31188E3
:104C7000012E06D90C21204602B0BDE87040FFF796
:104C8000BDBF1046EDE7000073B5446C0E4600252D
:104C90000192616BA1632565E562FFF7C9FE012EF4
:104CA00007D9019B2A460C2102B0BDE87040FFF7EE
:104CB000A5BF02B070BD000010B541F49851446C1E
:104CC000A260E160616B11F04502FBD0A26311F0BC
:104CD0003F0203D0FFF7ACFE012010BD216A104651
:104CE0001960E1695960A16999606169D960F4E767
:104CF0002DE9F74304460191006D01A91746984636
:104D000002F03EFC064600284AD0626C2046DDF8E0
:104D100004905568C5F3090501356B00A56CB5FB1A
:104D2000F3F54FF47A73B5FBF3F55D43556200F08C
:104D300023FE50BB636C4FF0FF3201254146C3F8A0
:104D4000589020461D659A634FF49572DA6342F2DB
:104D500007029F62DA62E36C0A9AFFF74FFFA0B97D
:104D6000E26C104B11680B407BB929462046FFF7D7
:104D70005BFF054648B92E463A460199206D02F080
:104D800037FC304603B0BDE8F0833A460199206D08
:104D900002F02EFCE26C01212046FFF775FFF0E7E0
:104DA0000126EEE708E0FFFD2DE9F7431F46436CBF
:104DB00001924FF47A725D6804468846C5F309058E
:104DC00001356E00856CB5FBF6F5B5FBF2F5554384
:104DD0005D6200F0D1FD20B10125284603B0BDE899
:104DE000F0837E0201A9206D324602F0C9FB054620
:104DF0000028F1D0636C019AD4F84C909A65012296
:104E00001A654FF0FF329A634FF49572DA639E622F
:104E1000236BDB064B4658BF4FEA4828012F42461A
:104E20001BD912212046FFF7E9FEC0B9D9F80020AE
:104E3000104B13409BB9636C42F2930239462046F3
:104E4000DA62E26CFFF7F0FE804640B93246019923
:104E5000206D454602F0CCFBBFE71121E2E7324668
:104E60000199206D02F0C4FBE26C39462046FFF741
:104E70000BFFB2E708E0FFFD2DE9F3411F46436C4D
:104E800001924FF47A725D6804468846C5F30905BD
:104E900001356E00856CB5FBF6F5B5FBF2F55543B3
:104EA0005D6200F069FD20B10125284602B0BDE831
:104EB000F0817E0201A9206D324602F0A7FB054673
:104EC0000028F1D0636C019A9A6501221A654FF0AF
:104ED000FF329A634FF48D72DA639E62236BE66C45
:104EE000DB06334658BF4FEA4828012F424619D9FE
:104EF00019212046FFF782FEB0B932680F4B1340EC
:104F000093B9636C42F2910239462046DA62E26C50
:104F1000FFF78AFE064638B901993546206D02F042
:104F2000B1FBC2E71821E4E70199206D02F0AAFB6A
:104F3000E26C39462046FFF7A7FEB6E708E0FFFD22
:104F400012F0030F2DE9F04107460C4615461E46A8
:104F500017D00E44B44202D10020BDE8F0810123F5
:104F6000FA6B21463846FFF71FFF0028F5D1284687
:104F70004FF40072F96B05F500750134FCF7AAFED9
:104F8000E8E7BDE8F041FFF70FBF000012F0030FA4
:104F90002DE9F04107460C4615461E4617D00E4433
:104FA000B44202D10020BDE8F08129464FF40072DE
:104FB000F86B05F50075FCF78DFE0123FA6B2146B1
:104FC0003846FFF759FF0028EDD10134E8E7BDE886
:104FD000F041FFF751BF000000207047302310B5AB
:104FE00083F311880024436C40302146DC6301F0D8
:104FF0001DFB84F3118810BD0268436811430160F2
:1050000003B1184770470000024A136843F0C00319
:105010001360704700440040024A136843F0C00325
:105020001360704700480040024A136843F0C00311
:105030001360704700780040044B9A6C02439A64F6
:105040001A6F104318671B6F704700BF0045025866
:1050500037B5274C274D204600F028FD04F11400F9
:10506000009400234FF40072234900F0C3F94FF479
:105070000072224904F138000094214B00F03CFA00
:10508000204BC4E91735204C204600F00FFD04F1F9
:105090001400009400234FF400721C4900F0AAF998
:1050A0004FF400721A4904F138000094194B00F0D3
:1050B00023FA194BC4E91735184C204600F0F6FCCA
:1050C00004F1140000234FF400721549009400F01D
:1050D00091F9144B4FF40072134904F13800009415
:1050E00000F00AFA114BC4E9173503B030BD00BF18
:1050F0008039002000E1F505C43A0020C4400020BA
:105100000950000800440040EC390020C43C002055
:10511000C44200201950000800480040583A0020BE
:10512000C43E002029500008C444002000780040FC
:1051300038B5264D0446037C002918BF0D46012BC7
:1051400006D1234B984230D14FF40030FFF774FF63
:105150002A68236EE16D03EB5203A566B3FBF2F3FD
:105160006A68100442BF23F0070003F0070343EA14
:105170004003CB60AB6843F040034B60EB6843F007
:1051800001038B6042F4967343F001030B604FF010
:10519000FF330B62510505D512F0102211D0B2F188
:1051A000805F10D084F8643038BD0A4B984205D037
:1051B000094B9842CCD14FF08040C7E74FF4802094
:1051C000C4E77F23EEE73F23ECE700BF38990008F0
:1051D00080390020EC390020583A00202DE9F047B2
:1051E000C66D05463768F469210734621AD014F099
:1051F000080118BF4FF48071E20748BF41F0200159
:10520000A3074FF0300348BF41F04001600748BF9B
:1052100041F0800183F31188281DFFF7EDFE002384
:1052200083F31188E2050AD5302383F311884FF404
:105230008061281DFFF7E0FE002383F311884FF003
:1052400030094FF0000A14F0200838D13B0616D57B
:105250004FF0300905F1380A200610D589F311887E
:10526000504600F07DF9002836DA0821281DFFF7A6
:10527000C3FE27F080033360002383F3118879068F
:1052800014D5620612D5302383F31188D5E9132390
:105290009A4208D12B6C33B127F040071021281D0A
:1052A000FFF7AAFE3760002383F31188E30618D5C1
:1052B000AA6E1369ABB15069BDE8F047184789F38E
:1052C0001188736A284695F86410194000F008FCAC
:1052D0008AF31188F469B6E7B06288F31188F4693B
:1052E000BAE7BDE8F0870000090100F16043012240
:1052F00003F56143C9B283F8001300F01F039A401D
:1053000043099B0003F1604303F56143C3F8802127
:105310001A60704700F01F0301229A40430900F110
:1053200060409B0000F5614003F1604303F5614379
:10533000C3F88020C3F88021002380F80033704731
:10534000F8B51546826804460B46AA4200D2856825
:10535000A1692669761AB5420BD218462A46FCF78F
:10536000B9FCA3692B44A3612846A3685B1BA36017
:10537000F8BD0CD9AF1B18463246FCF7ABFC3A46D9
:10538000E1683044FCF7A6FCE3683B44EBE71846D1
:105390002A46FCF79FFCE368E5E700008368934238
:1053A000F7B50446154600D28568D4E90460361A7C
:1053B000B5420BD22A46FCF78DFC63692B4463612E
:1053C0002846A3685B1BA36003B0F0BD0DD932462D
:1053D000AF1B0191FCF77EFC01993A46E06831442D
:1053E000FCF778FCE3683B44E9E72A46FCF772FCEB
:1053F000E368E4E710B50A440024C361029B8460BB
:10540000C16002610362C0E90000C0E9051110BD7E
:1054100008B5D0E90532934201D1826882B9826829
:10542000013282605A1C426119700021D0E90432B5
:105430009A4224BFC368436101F012F9002008BDFD
:105440004FF0FF30FBE7000070B5302304460E46F6
:1054500083F31188A568A5B1A368A269013BA36085
:10546000531CA36115782269934224BFE368A361AA
:10547000E3690BB120469847002383F3118828463F
:1054800007E03146204601F0DBF80028E2DA85F338
:10549000118870BD2DE9F74F04460E461746984611
:1054A000D0F81C904FF0300A8AF311884FF0000BAF
:1054B000154665B12A4631462046FFF741FF0346AF
:1054C00060B94146204601F0BBF80028F1D0002326
:1054D00083F31188781B03B0BDE8F08FB9F1000F9A
:1054E00003D001902046C847019B8BF31188ED1A29
:1054F0001E448AF31188DCE7C160C361009B8260AF
:105500000362C0E905111144C0E900000161704760
:10551000F8B504460D461646302383F31188A76874
:10552000A7B1A368013BA36063695A1C62611D7047
:10553000D4E904329A4224BFE3686361E3690BB1A2
:1055400020469847002080F3118807E03146204626
:1055500001F076F80028E2DA87F31188F8BD000040
:10556000D0E9052310B59A4201D182687AB98268E0
:105570000021013282605A1C82611C7803699A42C0
:1055800024BFC368836101F06BF8204610BD4FF063
:10559000FF30FBE72DE9F74F04460E4617469846C5
:1055A000D0F81C904FF0300A8AF311884FF0000BAE
:1055B000154665B12A4631462046FFF7EFFE034601
:1055C00060B94146204601F03BF80028F1D00023A5
:1055D00083F31188781B03B0BDE8F08FB9F1000F99
:1055E00003D001902046C847019B8BF31188ED1A28
:1055F0001E448AF31188DCE70379052B05BF836A13
:10560000002001204B6004BF4FF400730B60704713
:1056100070B55D1E866A04460D44B54205D9436BDC
:1056200043F080034363012070BD06250571FFF739
:1056300087FC05232371F7E770B55D1E866A044673
:105640000D44B54205D9436B43F080034363012009
:1056500070BD07250571FFF799FC05232371F7E756
:1056600038B505790446052D05D108230371FFF7E8
:10567000B3FC257138BD0120FCE700000323F0B521
:10568000037185B00446FFF74DFA0022204611460B
:10569000FFF792FA4FF4D57203AB08212046FFF7CB
:1056A000ADFA0246B8B901232363039BC3F3032376
:1056B000012B09D103AB37212046FFF79FFA18B918
:1056C000A44B039A1340ABB120460125FFF75CFAC7
:1056D0000223237137E103AB002237212046FFF775
:1056E0008DFA28B99B4A039B1A40002A00F0A78034
:1056F00002232363236B03F00F03022B40F0A980E6
:105700006425954E42F2107000F076FF03AB3246EE
:1057100001212046FFF75CFA0028D5D1039B002B1E
:1057200080F293805A0003D5236B43F01003236368
:10573000002204F1080302212046FFF7BDFA0246C9
:105740000028C1D104F1380303212046FFF756FA9F
:105750000028B9D104F11805A26B092120462B4677
:10576000FFF7AAFA0028AFD102ABA26B07212046AF
:10577000FFF744FA06460028A6D1236B03F00F0377
:10578000022B40F08F807E227F21284603F02CFAE6
:10579000012840F28780E76B42F2107000F02CFF86
:1057A00008234FF40072394620460096FFF7A0FA0E
:1057B000002889D1384603F065FA236BA06203F014
:1057C0000F03022B72D103AB644A06212046FFF778
:1057D00015FA002871D15F49039B1940B1FA81F194
:1057E00049092046FFF7B0F902AB4FF400721021CF
:1057F0002046FFF703FA054600287FF465AF554EB3
:10580000029B33427FF460AF236B13F00E0F03F063
:105810000F0273D0022A7FF457AFE36A1978012987
:1058200000F09480022900F09380002900F0898024
:105830004B4F2046FFF7AEF903AB3A4676E01146F0
:1058400020462263FFF7B8F954E7013D7FF45AAFD1
:105850003AE7444D6426444A3E4F012B18BF154693
:1058600003AB002237212046FFF7C8F900287FF458
:105870002BAF039B3B427FF427AF03AB2A46292182
:105880002046FFF7A5F900287FF41EAF039B002BED
:10589000FFF648AF013E3FF417AF42F2107000F040
:1058A000ABFEDDE7284603F0C1F986E77E227F21C3
:1058B0002846E66B03F098F908B9002191E7002328
:1058C00040223146204600930623FFF711FA0028B4
:1058D000F3D1B3895BBA9B07EFD5244B4022314605
:1058E000204600930623FFF703FA0028E5D1317C18
:1058F00001F00F010F3918BF012172E7E36A19782F
:10590000F9B101297FF4E0AE2046FFF743F903AB7C
:10591000A26B37212046FFF771F900287FF4D4AE3F
:10592000039B33427FF4D0AE03AB02220621204614
:10593000FFF764F900287FF4C7AE039B33427FF47E
:10594000C3AE05232371284605B0F0BD084F70E7AC
:10595000084F6EE708E0FFFD0080FFC00001B903BB
:105960000000B7030080FF5000001080F1FFFF80AF
:105970000001B7030002B70337B504460C4D01AB75
:10598000A26B0D212046FFF739F978B9019B2B4214
:105990000BD1C3F34323042B08D0053B022B04D8BF
:1059A0004FF47A7000F028FEE9E7012003B030BD23
:1059B00008E0FFFD70B53023054683F311880379B5
:1059C0000024022B03D184F31188204670BD0423E8
:1059D000037184F311880226FFF7CEFF04462846A0
:1059E000FFF7D2F82E71F0E7FFF73CB8044B0360E5
:1059F0000123037100234363C0E90A33704700BFEA
:105A00005099000810B53023044683F31188C16211
:105A1000FFF742F802230020237180F3118810BDA4
:105A200010B53023044683F31188FFF75BF8002399
:105A30000122E362227183F3118810BD026843687A
:105A40001143016003B11847704700001430FFF79D
:105A500021BD00004FF0FF331430FFF71BBD0000E5
:105A60003830FFF797BD00004FF0FF333830FFF7B5
:105A700091BD00001430FFF7E7BC00004FF0FF318C
:105A80001430FFF7E1BC00003830FFF741BD0000E3
:105A90004FF0FF323830FFF73BBD0000012914BF43
:105AA0006FF0130000207047FFF7D2BA044B036079
:105AB00000234360C0E9023301230374704700BF31
:105AC0007499000810B53023044683F31188FFF75A
:105AD0002FFB02230020237480F3118810BD0000E7
:105AE00038B5C36904460D461BB904210844FFF7C5
:105AF000A5FF294604F11400FFF78AFC002806DA06
:105B0000201D4FF40061BDE83840FFF797BF38BD56
:105B1000026843681143016003B1184770470000F1
:105B200013B5406B00F58054D4F8A4381A68117886
:105B3000042914D1017C022911D119790123128978
:105B40008B4013420BD101A94C3002F07BFFD4F8FB
:105B5000A4480246019B2179206800F0DFF902B0D9
:105B600010BD0000143002F0FDBE00004FF0FF3306
:105B7000143002F0F7BE00004C3002F0CFBF00003E
:105B80004FF0FF334C3002F0C9BF0000143002F078
:105B9000CBBE00004FF0FF31143002F0C5BE000054
:105BA0004C3002F09BBF00004FF0FF324C3002F04F
:105BB00095BF00000020704710B500F58054D4F860
:105BC000A4381A681178042917D1017C022914D14C
:105BD0005979012352898B4013420ED1143002F0BF
:105BE0005DFE024648B1D4F8A4484FF44073617991
:105BF0002068BDE8104000F07FB910BD406BFFF792
:105C0000DBBF0000704700007FB5124B0125042662
:105C1000044603600023057400F1840243602946B2
:105C2000C0E902330C4B0290143001934FF44073DF
:105C3000009602F00FFE094B04F69442294604F147
:105C40004C000294CDE900634FF4407302F0D6FE9D
:105C500004B070BD9C990008FD5B0008215B000842
:105C60000A68302383F311880B790B3342F8230041
:105C70004B79133342F823008B7913B10B3342F87D
:105C8000230000F58053C3F8A418022303740020F6
:105C900080F311887047000038B5037F044613B1C4
:105CA00090F85430ABB90125201D0221FFF730FFD9
:105CB00004F114006FF00101257700F0DDFC04F120
:105CC0004C0084F854506FF00101BDE8384000F0FA
:105CD000D3BC38BD10B5012104460430FFF718FFCE
:105CE0000023237784F8543010BD000038B50446F3
:105CF0000025143002F0C6FD04F14C00257702F0B7
:105D000095FE201D84F854500121FFF701FF204625
:105D1000BDE83840FFF750BF90F8803003F06003D3
:105D2000202B06D190F881200023212A03D81F2A96
:105D300006D800207047222AFBD1C0E91D3303E0BA
:105D4000034A426707228267C3670120704700BF8A
:105D50004422002037B500F58055D5F8A4381A68DC
:105D6000117804291AD1017C022917D1197901234C
:105D700012898B40134211D100F14C04204602F0ED
:105D800015FF58B101A9204602F05CFED5F8A448E1
:105D90000246019B2179206800F0C0F803B030BDB5
:105DA00001F10B03F0B550F8236085B004460D46B1
:105DB000FEB1302383F3118804EB8507301D0821E1
:105DC000FFF7A6FEFB6806F14C005B691B681BB180
:105DD000019002F045FE019803A902F033FE02464D
:105DE00048B1039B2946204600F098F8002383F32E
:105DF000118805B0F0BDFB685A691268002AF5D019
:105E00001B8A013B1340F1D104F18002EAE7000054
:105E1000133138B550F82140ECB1302383F31188A9
:105E200004F58053D3F8A4281368527903EB820356
:105E3000DB689B695D6845B104216018FFF768FE67
:105E4000294604F1140002F033FD2046FFF7B4FEAA
:105E5000002383F3118838BD7047000001F062BD54
:105E600001234022002110B5044600F8303BFBF727
:105E700057FF0023C4E9013310BD000010B53023E3
:105E8000044683F311882422416000210C30FBF783
:105E900047FF204601F068FD02230020237080F3B5
:105EA000118810BD70B500EB8103054650690E46A0
:105EB0001446DA6018B110220021FBF731FFA06907
:105EC00018B110220021FBF72BFF31462846BDE810
:105ED000704001F049BE000083682022002103F0D9
:105EE000011310B5044683601030FBF719FF2046FC
:105EF000BDE8104001F0C4BEF0B4012500EB810400
:105F000047898D40E4683D43A469458123600023AF
:105F1000A2606360F0BC01F0E1BE0000F0B40125B6
:105F200000EB810407898D40E4683D436469058185
:105F300023600023A2606360F0BC01F057BF000043
:105F400070B5022300250446242203702946C0F8B8
:105F500088500C3040F8045CFBF7E2FE204684F8E1
:105F6000705001F095FD63681B6823B129462046F7
:105F7000BDE87040184770BD0378052B10B5044686
:105F80000AD080F88C300523037043681B680BB17E
:105F9000042198470023A36010BD00000178052963
:105FA00006D190F88C20436802701B6803B1184733
:105FB0007047000070B590F87030044613B10023AC
:105FC00080F8703004F18002204601F07DFE6368A5
:105FD0009B68B3B994F8803013F0600535D0002188
:105FE000204602F06FF90021204602F05FF9636855
:105FF0001B6813B1062120469847062384F87030A9
:1060000070BD204698470028E4D0B4F88630A26FCF
:106010009A4288BFA36794F98030A56F002B4FF098
:10602000300380F20381002D00F0F280092284F811
:10603000702083F3118800212046D4E91D23FFF747
:106040006DFF002383F31188DAE794F8812003F0D1
:106050007F0343EA022340F20232934200F0C580FC
:1060600021D8B3F5807F48D00DD8012B3FD0022B2B
:1060700000F09380002BB2D104F188026267022203
:10608000A267E367C1E7B3F5817F00F09B80B3F5BA
:10609000407FA4D194F88230012BA0D1B4F888308D
:1060A00043F0020332E0B3F5006F4DD017D8B3F5DB
:1060B000A06F31D0A3F5C063012B90D86368204650
:1060C00094F882205E6894F88310B4F88430B04766
:1060D000002884D0436863670368A3671AE0B3F5B8
:1060E000106F36D040F6024293427FF478AF5C4B9B
:1060F00063670223A3670023C3E794F88230012B70
:106100007FF46DAFB4F8883023F00203A4F8883030
:10611000C4E91D55E56778E7B4F88030B3F5A06FA2
:106120000ED194F88230204684F88A3001F00EFDBA
:1061300063681B6813B1012120469847032323702D
:106140000023C4E91D339CE704F18B03636701233B
:10615000C3E72378042B10D1302383F31188204622
:10616000FFF7BAFE85F311880321636884F88B502A
:1061700021701B680BB12046984794F88230002BA1
:10618000DED084F88B300423237063681B68002BF7
:10619000D6D0022120469847D2E794F88430204692
:1061A0001D0603F00F010AD501F080FD012804D07F
:1061B00002287FF414AF2B4B9AE72B4B98E701F0A2
:1061C00067FDF3E794F88230002B7FF408AF94F872
:1061D000843013F00F01B3D01A06204602D502F026
:1061E00089F8ADE702F07AF8AAE794F88230002B3C
:1061F0007FF4F5AE94F8843013F00F01A0D01B06A5
:10620000204602D502F05EF89AE702F04FF897E7D1
:10621000142284F8702083F311882B462A462946DD
:106220002046FFF769FE85F31188E9E65DB1152286
:1062300084F8702083F3118800212046D4E91D23BF
:10624000FFF75AFEFDE60B2284F8702083F31188D5
:106250002B462A4629462046FFF760FEE3E700BFAB
:10626000CC990008C4990008C899000838B590F87E
:1062700070300446002B3ED0063BDAB20F2A34D8E9
:106280000F2B32D8DFE803F03731310822323131B9
:106290003131313131313737856FB0F886309D4239
:1062A00014D2C3681B8AB5FBF3F203FB12556DB918
:1062B000302383F311882B462A462946FFF72EFE0A
:1062C00085F311880A2384F870300EE0142384F8D3
:1062D0007030302383F31188002320461A46194674
:1062E000FFF70AFE002383F3118838BDC36F03B1A3
:1062F00098470023E7E70021204601F0E3FF002153
:10630000204601F0D3FF63681B6813B106212046C5
:1063100098470623D7E7000010B590F87030044680
:10632000142B29D017D8062B05D001D81BB110BDCE
:10633000093B022BFBD80021204601F0C3FF0021BE
:10634000204601F0B3FF63681B6813B106212046A5
:106350009847062319E0152BE9D10B2380F87030FC
:10636000302383F3118800231A461946FFF7D6FD20
:10637000002383F31188DAE7C3689B695B68002B0D
:10638000D5D1C36F03B19847002384F87030CEE7AE
:106390000023826880F8243083691B6899689142E1
:1063A000FBD25A680360426010605860704700007A
:1063B0000023826880F8243083691B6899689142C1
:1063C000FBD85A6803604260106058607047000054
:1063D00008B50846302383F3118891F82430032B45
:1063E00005D0042B0DD02BB983F3118808BD8B6A1F
:1063F00000221A604FF0FF338362FFF7C9FF0023CA
:10640000F2E7D1E9003213605A60F3E7034610B5B2
:106410001B68984203D09C688A689442F8D25A68F4
:106420000B604A601160596010BD0000FFF7B0BFFB
:10643000064BD96881F824001868026853601A6016
:106440000122D86080F82420F9F7DCBFC84600207C
:106450000C4B30B5DD684B1C87B004460FD02B4683
:10646000094A684600F09CF92046FFF7E1FF009BCF
:1064700013B1684600F09EF9A86A07B030BDFFF777
:10648000D7FFF9E7C8460020D1630008044B1A681B
:10649000DB6890689B68984294BF00200120704799
:1064A000C8460020094B10B51C68D86822685360A4
:1064B0001A600122DC6084F82420FFF779FF01468E
:1064C0002046BDE81040F9F79DBF00BFC846002038
:1064D000044B1A68DB6892689B689A4201D9FFF7FF
:1064E000E1BF7047C846002038B50123084C00259D
:1064F0002370656002F0F4FB02F01AFC05490648BF
:1065000002F0F0FC0223237085F3118838BD00BF30
:1065100070490020D4990008C846002000F080B9D6
:10652000034A516853685B1A9842FBD8704700BF12
:10653000001000E08B604B630023CA6100F1280269
:106540000B6302230A618B840123886181F8263062
:1065500001F11003C26A4A611360C36201F12C03A6
:106560000846CB6270470000D0E90131026841F86B
:10657000183CA1F19C033839CB60036941F8243CF5
:10658000436941F8203C034B41F8043CC36802488E
:10659000FFF7D0BF1D040008C846002008B5FFF76C
:1065A000E3FFBDE80840FFF741BF000038B50E4BE0
:1065B000DC6804F12C05A062E06AA8420FD194F8CF
:1065C00026303BB994F825309B0702BFD4E904324A
:1065D00013605A600F20BDE83840FFF729BF0368F9
:1065E000E362FFF723FFE7E7C8460020302383F389
:1065F0001188FFF7DBBF000008B50146302383F3A5
:1066000011880820FFF724FF002383F3118808BDB9
:10661000054BDB6821B1036098620320FFF718BFC8
:106620004FF0FF30704700BFC846002003682BB111
:106630000022026018469962FFF7F8BE704700001A
:10664000064BDB6839B1426818605A6013604360DA
:106650000420FFF7FDBE4FF0FF307047C846002012
:106660000368984206D01A68026050601846996222
:10667000FFF7DCBE7047000038B504460D462068C1
:10668000844200D138BD036823605C608562FFF7F7
:10669000CDFEF4E7036810B59C68A2420CD85C6894
:1066A0008A600B604C602160596099688A1A9A6010
:1066B0004FF0FF33836010BD121B1B68ECE7000036
:1066C0000A2938BF0A2170B504460D460A2660190A
:1066D00002F000FB02F0E8FA041BA54203D8751C87
:1066E00004462E46F3E70A2E04D90120BDE8704087
:1066F00002F0C0BC70BD0000F8B5144B0D460A2A6C
:106700004FF00A07D96103F11001826038BF0A22F5
:10671000416019691446016048601861A81802F0C8
:10672000C9FA02F0C1FA431B0646A34206D37C1CF9
:1067300028192746354602F0CDFAF2E70A2F04D988
:106740000120BDE8F84002F095BCF8BDC846002025
:10675000F8B506460D4602F0A7FA0F4A134653F85D
:10676000107F9F4206D12A4601463046BDE8F840D8
:10677000FFF7C2BFD169BB68441A2C1928BF2C4649
:10678000A34202D92946FFF79BFF22463146034820
:10679000BDE8F840FFF77EBFC8460020D84600207D
:1067A000C0E90323002310B45DF8044B4361FFF7F5
:1067B000CFBF000010B5194C236998420DD08168F5
:1067C000D0E9003213605A609A680A449A60002344
:1067D00003604FF0FF33A36110BD0268234643F806
:1067E000102F53600022026022699A4203D1BDE853
:1067F000104002F069BA936881680B44936002F01C
:1068000053FA2269E1699268441AA242E4D9114418
:10681000BDE81040091AFFF753BF00BFC84600206B
:106820002DE9F047DFF8BC8008F110072C4ED8F8AE
:10683000105002F039FAD8F81C40AA68031B9A429B
:106840003ED814444FF00009D5E90032C8F81C4086
:1068500013605A60C5F80090D8F81030B34201D1E7
:1068600002F032FA89F31188D5E9033128469847B6
:10687000302383F311886B69002BD8D002F014FA0F
:106880006A69A0EB040982464A450DD2022002F053
:10689000F1FB0022D8F81030B34208D15146284607
:1068A000BDE8F047FFF728BF121A2244F2E712EBC7
:1068B00009092946384638BF4A46FFF7EBFEB5E7D7
:1068C000D8F81030B34208D01444C8F81C00211A7C
:1068D000A960BDE8F047FFF7F3BEBDE8F08700BF51
:1068E000D8460020C846002038B502F0DDF9054A38
:1068F000D2E90845031B181945F10001C2E9080156
:1069000038BD00BFC846002010B560B907480479FB
:106910000368053C9B6818BF0124984708B144F000
:106920000404204610BD0124FBE700BF28370020E7
:10693000FFF7EABF2DE9F047884617469A46044616
:10694000B0B90D4E3579052D05D003240DE0013D7C
:1069500015F0FF050ED03268534639463046D2F85E
:1069600014904246C8470028F1D12046BDE8F08780
:106970000424FAE70124F8E7283700202DE9F0473E
:10698000884617469A460446B0B90D4E3579052D0E
:1069900005D003240DE0013D15F0FF050ED032684F
:1069A000534639463046D2F818904246C847002828
:1069B000F1D12046BDE8F0870424FAE70124F8E786
:1069C0002837002037B50C46154670B951B101295A
:1069D0000BD10748694603681B6A984710B9019BA9
:1069E00004462B60204603B030BD0424FAE700BF04
:1069F0002837002000207047FEE7000070470000A5
:106A00004FF0FF30704700004B6843608B68836035
:106A1000CB68C3600B6943614B6903628B69436256
:106A20000B6803607047000008B53C4B40F2FF71F3
:106A30003B48D3F888200A43C3F88820D3F888203D
:106A400022F4FF6222F00702C3F88820D3F88830CE
:106A5000344B1A6C0A431A649A6E0A439A66324A95
:106A60009B6E1146FFF7D0FF00F5806002F11C011C
:106A7000FFF7CAFF00F5806002F13801FFF7C4FF9D
:106A800000F5806002F15401FFF7BEFF00F5806061
:106A900002F17001FFF7B8FF00F5806002F18C0190
:106AA000FFF7B2FF00F5806002F1A801FFF7ACFF2D
:106AB00000F5806002F1C401FFF7A6FF00F58060D9
:106AC00002F1E001FFF7A0FF00F5806002F1FC0198
:106AD000FFF79AFF02F58C7100F58060FFF794FFD5
:106AE00001F09CFC114BD3F8902242F00102C3F854
:106AF0009022D3F8942242F00102C3F89422052296
:106B0000C3F898204FF06052C3F89C20084AC3F89D
:106B1000A020BDE8084000F0F3BC00BF00440258CC
:106B20000000025800450258E899000800ED00E016
:106B30001F00080308B501F079FEFFF7D5FC0D4BE7
:106B4000DA6B42F04002DA635A6E22F040025A6673
:106B50005B6E094B1A6842F008021A601A6842F02C
:106B600004021A6000F096FD00F032FBBDE8084018
:106B700000F0B4B8004502580018024801207047E0
:106B8000002070477047000002290CD0032904D070
:106B90000129074818BF00207047032A05D8054877
:106BA00000EBC2007047044870470020704700BFE8
:106BB000EC9B000854220020A09B000870B59AB0FE
:106BC00005460846144601A900F0C2F801A8FBF7E3
:106BD0009FF8431C0022C6B25B001046C5E9003492
:106BE00023700323023404F8013C01ABD1B2023418
:106BF0008E4201D81AB070BD13F8011B013204F89F
:106C0000010C04F8021CF1E708B5302383F3118866
:106C10000348FFF79FF8002383F3118808BD00BFE6
:106C20007849002090F8803003F01F02012A07D134
:106C300090F881200B2A03D10023C0E91D3315E011
:106C400003F06003202B08D1B0F884302BB990F802
:106C50008120212A03D81F2A04D8FFF75DB8222AF1
:106C6000EBD0FAE7034A426707228267C367012035
:106C7000704700BF4B22002007B5052917D8DFE871
:106C800001F0191603191920302383F31188104AD3
:106C900001210190FFF706F9019802210D4AFFF743
:106CA00001F90D48FFF722F8002383F3118803B0A0
:106CB0005DF804FB302383F311880748FEF7ECFFEF
:106CC000F2E7302383F311880348FFF703F8EBE77B
:106CD000409B0008649B00087849002038B50C4DA3
:106CE0000C4C2A460C4904F10800FFF767FF05F138
:106CF000CA0204F110000949FFF760FF05F5CA72E6
:106D000004F118000649BDE83840FFF757BF00BF3F
:106D100050620020542200201C9B0008269B000883
:106D2000359B000870B5044608460D46FAF7F0FF9B
:106D3000C6B22046013403780BB9184670BD3246FE
:106D40002946FAF7D1FF0028F3D10120F6E7000029
:106D50002DE9F04705460C46FAF7DAFF2B49C6B293
:106D60002846FFF7DFFF08B10736F6B22849284664
:106D7000FFF7D8FF08B11036F6B2632E0BD8DFF854
:106D80008C80DFF88C90234FDFF894A02E7846B9E2
:106D90002670BDE8F08729462046BDE8F04702F09E
:106DA00075BA252E2ED1072241462846FAF79CFFB8
:106DB00070B9194B224603F10C0153F8040B8B42B6
:106DC00042F8040BF9D11B8807350E341380DDE738
:106DD000082249462846FAF787FF98B9A21C0F4BAC
:106DE000197802320909C95D02F8041C13F8011B65
:106DF00001F00F015345C95D02F8031CF0D11834AE
:106E00000835C3E7013504F8016BBFE70C9C0008A7
:106E1000359B0008239C0008149C000800E8F11F23
:106E20000CE8F11FBFF34F8F044B1A695107FCD1D7
:106E3000D3F810215207F8D1704700BF002000524C
:106E400008B50D4B1B78ABB9FFF7ECFF0B4BDA68BD
:106E5000D10704D50A4A5A6002F188325A60D3F841
:106E60000C21D20706D5064AC3F8042102F1883264
:106E7000C3F8042108BD00BFAE640020002000520A
:106E80002301674508B5114B1B78F3B9104B1A69FC
:106E9000510703D5DA6842F04002DA60D3F81021D6
:106EA000520705D5D3F80C2142F04002C3F80C215B
:106EB000FFF7B8FF064BDA6842F00102DA60D3F858
:106EC0000C2142F00102C3F80C2108BDAE64002081
:106ED000002000520F289ABF00F580604004002077
:106EE000704700004FF400307047000010207047DA
:106EF0000F2808B50BD8FFF7EDFF00F50033026847
:106F0000013204D104308342F9D1012008BD0020B0
:106F1000FCE700000F2838B505463FD8FFF782FF91
:106F20001F4CFFF78DFF4FF0FF3307286361C4F854
:106F300014311DD82361FFF775FF030243F02403CA
:106F4000E360E36843F08003E36023695A07FCD4FD
:106F50002846FFF767FFFFF7BDFF4FF4003100F051
:106F6000ABFA2846FFF78EFFBDE83840FFF7C0BFF9
:106F7000C4F81031FFF756FFA0F108031B0243F0DD
:106F80002403C4F80C31D4F80C3143F08003C4F866
:106F90000C31D4F810315B07FBD4D9E7002038BDA1
:106FA000002000522DE9F84F05460C46104645EAF0
:106FB0000203DE0602D00020BDE8F88F20F01F009B
:106FC000DFF8BCB0DFF8BCA0FFF73AFF04EB000825
:106FD000444503D10120FFF755FFEDE72022294664
:106FE000204602F0D7F810B920352034F0E72B46C0
:106FF00005F120021F68791CDDD104339A42F9D1D2
:1070000005F178431B481C4EB3F5801F1B4B38BF5E
:10701000184603F1F80332BFD946D1461E46FFF7A2
:1070200001FF0760A5EB040C336804F11C0143F079
:1070300002033360231FD9F8007017F00507FAD157
:1070400053F8042F8B424CF80320F4D1BFF34F8F39
:10705000FFF7E8FE4FF0FF33202221460360284669
:10706000336823F00203336002F094F80028BBD0A9
:107070003846B0E7142100520C2000521420005270
:10708000102000521021005210B5084C237828B16E
:107090001BB9FFF7D5FE0123237010BD002BFCD0D8
:1070A0002070BDE81040FFF7EDBE00BFAE640020C9
:1070B0002DE9F04F0D4685B0814658B111F00D060F
:1070C00014BF2022082211F00803019304D0431EAC
:1070D000034269D0002435E0002E37D009F11F01AA
:1070E00021F01F094FF00108314F05F00403DFF8CC
:1070F000CCA005EA080BBBF1000F32D07869C007BD
:107100002FD408F101080C37B8F1060FF3D19EB95E
:10711000284D4946A819019201F02CFE044600288A
:1071200039D12036019AA02EF3D1494601F022FE32
:10713000044600282FD1019A49461F4801F01AFE43
:10714000044660BB204605B0BDE8F08F0029C9D1D8
:1071500001462846029201F00DFE0446D8B9029A73
:10716000C0E713B178694107CBD5AC0702D5786980
:107170008007C6D5019911B178690107C1D5494683
:107180000AEB4810CDE9022301F0F4FD0446DDE9E5
:1071900002230028B5D04A460021204601E04A4695
:1071A0000021FAF7BDFDCDE70246002E96D199E702
:1071B000349C0008F0640020B0640020D0640020FB
:1071C0000021FFF775BF00000121FFF771BF00002C
:1071D00070B5144D0124144E40F2FF3200210120FD
:1071E000FAF79EFD06EB441001342A6955F80C1F8E
:1071F00001F0ACFD062CF5D137254FF4C0542046E4
:10720000FFF7E2FF014628B122460848BDE870407A
:1072100001F09CBDC4EBC404013D4FEAD404EED19F
:1072200070BD00BF349C0008D0640020B064002012
:107230000421FFF73DBF00004843FFF7C1BF000036
:1072400008B101F009BE7047B0F5805F10B5044683
:1072500007D8FFF7EDFF28B92046BDE81040FFF73B
:10726000AFBF002010BD0000FFF7EABF70B5AAB1A4
:1072700040EA010313F01F030FD1094C0144A56834
:107280006D0706D52568A84203D366683544A94230
:1072900004D903330C34122BF1D10022104670BDF7
:1072A000349C000808B501F0EDFE034AD2E9003233
:1072B000C01842EB010108BD90650020434BD3E9A3
:1072C00000232DE9F34113437CD0FFF7EBFF404A45
:1072D00000230027F9F7B0F806460D463D4A002383
:1072E000F9F7AAF80023144630462946394AF9F737
:1072F000A3F84FF461613C23ADF80170B4FBF1F5E4
:10730000B4FBF3F601FB154103FB16464624B1FB23
:10731000F3F1314BF6B28DF8004098423CD84FF073
:10732000640C4FF4C87EA30704F26C7225D1B2FB43
:10733000FCF30CFB132313BBB2FBFEF30EFB132277
:10734000B2FA82F35B0903F26D18621C8045D2B277
:1073500017D90FB18DF800400022204C4FF00C0CD3
:1073600017460CFB0343D4B2013213F804C0844522
:107370000CD8A0EB0C000127F5E70023E3E701237D
:10738000E1E7A0EB080014460127CCE70FB18DF828
:107390000140431C8DF802309DF80100431C9DF80C
:1073A00000005038400640EA43509DF8023040EA61
:1073B000034040EA560040EAC52040EA411002B0CE
:1073C000BDE8F0814FF40410F9E700BF906500209C
:1073D00040420F008051010090230B007C9C00086C
:1073E0000244074BD2B210B5904200D110BD441CEC
:1073F00000B253F8200041F8040BE0B2F4E700BFFC
:10740000504000580E4B30B51C6F240405D41C6F3F
:107410001C671C6F44F400441C670A4C0244236838
:10742000D2B243F480732360074B904200D130BD49
:10743000441C51F8045B00B243F82050E0B2F4E77A
:1074400000440258004802585040005807B5012235
:1074500001A90020FFF7C4FF019803B05DF804FB09
:1074600013B50446FFF7F2FFA04205D0012201A99F
:1074700000200194FFF7C6FF02B010BD10B56424D0
:10748000013C4FF47A70FFF7B7F814F0FF04F7D11E
:10749000084B4FF0807214249A6103F58053082240
:1074A0009A61013C4FF47A70FFF7A6F814F0FF04DC
:1074B000F7D110BD000002580144BFF34F8F064BB7
:1074C000884204D3BFF34F8FBFF36F8F7047C3F869
:1074D0005C022030F4E700BF00ED00E00144BFF3A0
:1074E0004F8F064B884204D3BFF34F8FBFF36F8F8C
:1074F0007047C3F870022030F4E700BF00ED00E0F1
:10750000114BDA6952021ED59A69D00704D50F4A89
:107510009A6002F144329A600B4BDA69D107FCD4CD
:107520001A6A22F480021A629A6942F002029A618F
:10753000DA69D207FCD49A6942F001029A61024AE0
:10754000D369DB07FCD47047002000523B2A19089E
:1075500070B5054616460C4601201021FFF76CFE5B
:10756000286046733CB1204636B1FFF761FE2B68B8
:10757000186000B19C6070BDFFF726FEF7E70000C1
:10758000F8B50F461546044648B905F11F01012616
:10759000386821F01F01FFF78FFF3046F8BD427BAE
:1075A00029463868FFF762FE06460028EDD13B68A1
:1075B0006360A368AB4210D213B12068FFF740FEAE
:1075C000637B28462BB1FFF733FE206020B9A06013
:1075D000E3E7FFF7F9FDF8E7A560206805F11F0173
:1075E000012621F01F013860FFF766FF2673D4E7FC
:1075F00010B5044640B10068884205D1606808B102
:10760000FAF768FB0023237310BD0000F8B50F469E
:107610001446054648B904F11F010126386821F0D7
:107620001F01FFF75BFF3046F8BD427B21463868FB
:10763000FFF71CFE06460028EDD1AB68A34210D22E
:1076400013B12868FFF7FCFD6B7B20462BB1FFF7D9
:10765000EFFD286020B9A860E5E7FFF7B5FDF8E782
:10766000AC60396819B122462868FAF733FB2868FC
:1076700004F11F01012621F01F013860FFF72EFFE2
:107680002E73D0E720B103688B4204BF002303733D
:1076900070470000034B1A681AB9034AD2F8D02485
:1076A0001A607047986500200040025808B5FFF73F
:1076B000F1FF024B1868C0F3806008BD9865002098
:1076C000EFF30983054968334A6B22F001024A63EC
:1076D00083F30988002383F31188704700EF00E0EB
:1076E000302080F3118862B60D4B0E4AD96821F420
:1076F000E0610904090C0A430B49DA60D3F8FC2065
:1077000042F08072C3F8FC20084AC2F8B01F11682A
:1077100041F0010111602022DA7783F822007047DE
:1077200000ED00E00003FA0555CEACC5001000E006
:10773000302310B583F311880E4B5B6813F400639C
:1077400014D0F1EE103AEFF309844FF08073683CE7
:10775000E361094BDB6B236684F30988FEF796FE31
:1077600010B1064BA36110BD054BFBE783F31188F5
:10777000F9E700BF00ED00E000EF00E02F04000893
:107780003204000870B5BFF34F8FBFF36F8F1A4AF2
:107790000021C2F85012BFF34F8FBFF36F8F5369B0
:1077A00043F400335361BFF34F8FBFF36F8FC2F8C1
:1077B0008410BFF34F8FD2F8803043F6E074C3F3E8
:1077C000C900C3F34E335B0103EA0406014646EAEF
:1077D00081750139C2F86052F9D2203B13F1200FB4
:1077E000F2D1BFF34F8F536943F480335361BFF33A
:1077F0004F8FBFF36F8F70BD00ED00E0FEE700001C
:10780000214B2248224A70B5904237D3214BC11EEA
:10781000DA1C121A22F003028B4238BF0022002128
:10782000FAF77EFA1C4A0023C2F88430BFF34F8F68
:10783000D2F8803043F6E074C3F3C900C3F34E338B
:107840005B0103EA0406014646EA81750139C2F884
:107850006C52F9D2203B13F1200FF2D1BFF34F8FBE
:10786000BFF36F8FBFF34F8FBFF36F8F0023C2F84B
:107870005032BFF34F8FBFF36F8F70BD53F8041BAF
:1078800040F8041BC0E700BFE89D00089C6700208B
:107890009C6700209C67002000ED00E0054B996B81
:1078A00021EA000199631A6E22EA00021A661B6E31
:1078B000704700BF0045025870B5D0E9244300224C
:1078C0004FF0FF359E6804EB42135101D3F80009D5
:1078D000002805DAD3F8000940F08040C3F8000919
:1078E000D3F8000B002805DAD3F8000B40F08040F5
:1078F000C3F8000B013263189642C3F80859C3F865
:10790000085BE0D24FF00113C4F81C3870BD0000D2
:10791000890141F02001016103699B06FCD412201A
:10792000FEF7FEBD10B50A4C2046FEF799FA094B4A
:10793000C4F89030084BC4F89430084C2046FEF749
:107940008FFA074BC4F89030064BC4F8943010BD42
:107950009C65002000000840B89C000838660020A4
:1079600000000440C49C000870B503780546012B54
:1079700058D13F4BD0F89040984254D13D4B0E2106
:1079800065209A6B42F000629A631A6E42F00062C0
:107990001A661B6E384BD3F8802042F00062C3F8A1
:1079A0008020D3F8802022F00062C3F88020D3F832
:1079B0008030FDF799FC314BE360314BC4F800385F
:1079C0000023D5F89060C4F8003EC02323604FF434
:1079D0000413A3633369002BFCDA01230C20336109
:1079E000FEF79EFD3369DB07FCD41220FEF798FDFD
:1079F0003369002BFCDA00262846A660FFF75CFFFF
:107A00006B68C4F81068DB68C4F81468C4F81C68B4
:107A100063BB1C4BA3614FF0FF336361A36843F06A
:107A20000103A36070BD184B9842C9D1114B4FF0B0
:107A300080609A6B42F000729A631A6E42F0007294
:107A40001A661B6E0C4BD3F8802042F00072C3F80C
:107A50008020D3F8802022F00072C3F88020D3F871
:107A60008030FFF71BFF0E214D20A2E7074BD1E727
:107A70009C65002000450258004402584014004014
:107A800003002002003C30C038660020083C30C0B3
:107A9000F8B5D0F89040054600214FF0006620462A
:107AA000FFF736FFD5F8941000234FF001128F68CE
:107AB0004FF0FF30C4F83438C4F81C2804EB4312EC
:107AC00001339F42C2F80069C2F8006BC2F808098E
:107AD000C2F8080BF2D20B68D5F89020C5F89830A0
:107AE000636210231361166916F01006FBD1122091
:107AF000FEF716FDD4F8003823F4FE63C4F800380E
:107B0000A36943F4402343F01003A3610923C4F89D
:107B10001038C4F814380B4BEB604FF0C043C4F876
:107B2000103B094BC4F8003BC4F81069C4F8003995
:107B3000D5F8983003F1100243F48013C5F898206B
:107B4000A362F8BD949C000840800010D0F89020FB
:107B500090F88A10D2F8003823F4FE6343EA011348
:107B6000C2F80038704700002DE9F84300EB8103AC
:107B7000D0F890500C468046DA680FFA81F9480137
:107B8000166806F00306731E022B05EB41134FF037
:107B9000000194BFB604384EC3F8101B4FF001012A
:107BA00004F1100398BF06F1805601FA03F39169BE
:107BB00098BF06F5004600293AD0578A04F15801CB
:107BC000374349016F50D5F81C180B430021C5F805
:107BD0001C382B180127C3F81019A7405369611EE0
:107BE0009BB3138A928B9B08012A88BF5343D8F812
:107BF0009820981842EA034301F140022146C8F850
:107C00009800284605EB82025360FFF781FE08EBDF
:107C10008900C3681B8A43EA845348341E436401C5
:107C20002E51D5F81C381F43C5F81C78BDE8F883E1
:107C300005EB4917D7F8001B21F40041C7F8001BDA
:107C4000D5F81C1821EA0303C0E704F13F030B4AEF
:107C50002846214605EB83035A60FFF759FE05EBE2
:107C60004910D0F8003923F40043C0F80039D5F8A2
:107C70001C3823EA0707D7E7008000100004000241
:107C8000D0F894201268C0F89820FFF715BE0000C5
:107C90005831D0F8903049015B5813F4004004D0BB
:107CA00013F4001F0CBF0220012070474831D0F8A8
:107CB000903049015B5813F4004004D013F4001FC6
:107CC0000CBF02200120704700EB8101CB68196ACC
:107CD0000B6813604B6853607047000000EB810332
:107CE00030B5DD68AA691368D36019B9402B84BF29
:107CF000402313606B8A1468D0F890201C4402EB78
:107D00004110013C09B2B4FBF3F46343033323F0A5
:107D1000030343EAC44343F0C043C0F8103B2B685D
:107D200003F00303012B0ED1D2F8083802EB411007
:107D300013F4807FD0F8003B14BF43F0805343F02E
:107D40000053C0F8003B02EB4112D2F8003B43F075
:107D50000443C2F8003B30BD2DE9F041D0F89060FB
:107D600005460C4606EB4113D3F8087B3A07C3F8E7
:107D7000087B08D5D6F814381B0704D500EB81031F
:107D8000DB685B689847FA071FD5D6F81438DB071D
:107D90001BD505EB8403D968CCB98B69488A5A682E
:107DA000B2FBF0F600FB16228AB91868DA68904236
:107DB0000DD2121AC3E90024302383F3118821461F
:107DC0002846FFF78BFF84F31188BDE8F08101237B
:107DD00003FA04F26B8923EA02036B81CB68002B60
:107DE000F3D021462846BDE8F041184700EB810357
:107DF0004A0170B5DD68D0F890306C692668E6609D
:107E000056BB1A444FF40020C2F810092A6802F049
:107E10000302012A0AB20ED1D3F8080803EB421478
:107E200010F4807FD4F8000914BF40F0805040F077
:107E30000050C4F8000903EB4212D2F8000940F0E8
:107E40000440C2F800090122D3F8340802FA01F113
:107E50000143C3F8341870BD19B9402E84BF4020C7
:107E6000206020681A442E8A8419013CB4FBF6F481
:107E700040EAC44040F00050C6E700002DE9F84356
:107E8000D0F8906005460C464F0106EB4113D3F83D
:107E9000088918F0010FC3F808891CD0D6F81038EB
:107EA000DB0718D500EB8103D3F80CC0DCF81430E5
:107EB000D3F800E0DA68964530D2A2EB0E024FF01C
:107EC00000091A60C3F80490302383F31188FFF788
:107ED0008DFF89F3118818F0800F1DD0D6F8343843
:107EE0000126A640334217D005EB84030134D5F8B0
:107EF0009050D3F80CC0E4B22F44DCF8142005EB0A
:107F00000434D2F800E05168714514D3D5F8343800
:107F100023EA0606C5F83468BDE8F883012303FAAE
:107F200001F2038923EA02030381DCF80830002B05
:107F3000D1D09847CFE7AEEB0103BCF810008342E5
:107F400028BF0346D7F8180980B2B3EB800FE3D8F7
:107F50009068A0F1040959F8048FC4F80080A0EBE0
:107F600009089844B8F1040FF5D818440B44906000
:107F70005360C8E72DE9F84FD0F8905004466E6979
:107F8000AB691E4016F480586E6103D0BDE8F84F0F
:107F9000FDF7D6BF002E12DAD5F8003E9B0705D0BC
:107FA000D5F8003E23F00303C5F8003ED5F80438A9
:107FB000204623F00103C5F80438FDF7EFFF37052D
:107FC00005D52046FFF778FC2046FDF7D5FFB00425
:107FD0000CD5D5F8083813F0060FEB6823F470536E
:107FE0000CBF43F4105343F4A053EB6031071BD58F
:107FF0006368DB681BB9AB6923F00803AB612378C6
:10800000052B0CD1D5F8003E9A0705D0D5F8003ED7
:1080100023F00303C5F8003E2046FDF7BFFF636869
:10802000DB680BB120469847F30200F1BA80B70233
:1080300026D5D4F8909000274FF0010A09EB47129B
:10804000D2F8003B03F44023B3F5802F11D1D2F8CE
:10805000003B002B0DDA62890AFA07F322EA0303D8
:10806000638104EB8703DB68DB6813B13946204684
:1080700098470137D4F89430FFB29B689F42DDD90E
:10808000F00619D5D4F89000026AC2F30A1702F07C
:108090000F0302F4F012B2F5802F00F0CA80B2F59F
:1080A000402F09D104EB8303002200F58050DB68E8
:1080B0001B6A974240F0B0803003D5F8185835D588
:1080C000E90303D500212046FFF746FEAA0303D5A6
:1080D00001212046FFF740FE6B0303D50221204615
:1080E000FFF73AFE2F0303D503212046FFF734FEA6
:1080F000E80203D504212046FFF72EFEA90203D58E
:1081000005212046FFF728FE6A0203D506212046F6
:10811000FFF722FE2B0203D507212046FFF71CFEA6
:10812000EF0103D508212046FFF716FE700340F14A
:10813000A780E90703D500212046FFF79FFEAA0785
:1081400003D501212046FFF799FE6B0703D50221D5
:108150002046FFF793FE2F0703D503212046FFF7A4
:108160008DFEEE0603D504212046FFF787FEA80604
:1081700003D505212046FFF781FE690603D50621B8
:108180002046FFF77BFE2A0603D507212046FFF78E
:1081900075FEEB0574D520460821BDE8F84FFFF7C2
:1081A0006DBED4F890904FF0000B4FF0010AD4F858
:1081B00094305FFA8BF79B689F423FF638AF09EB2C
:1081C0004713D3F8002902F44022B2F5802F20D1C2
:1081D000D3F80029002A1CDAD3F8002942F0904293
:1081E000C3F80029D3F80029002AFBDB3946D4F86C
:1081F0009000FFF78DFB22890AFA07F322EA0303B6
:10820000238104EB8703DB689B6813B13946204662
:1082100098470BF1010BCAE7910701D1D0F8008014
:10822000072A02F101029CBF03F8018B4FEA1828CC
:108230003FE704EB830300F58050DA68D2F818C0FA
:10824000DCF80820DCE9001CA1EB0C0C00218F42BB
:1082500008D1DB689B699A683A449A605A683A4444
:108260005A6029E711F0030F01D1D0F800808C4546
:1082700001F1010184BF02F8018B4FEA1828E6E7FB
:10828000BDE8F88F08B50348FFF774FEBDE8084065
:10829000FFF74EBA9C65002008B50348FFF76AFE59
:1082A000BDE80840FFF744BA38660020D0F89030A7
:1082B00003EB4111D1F8003B43F40013C1F8003B3C
:1082C00070470000D0F8903003EB4111D1F800392D
:1082D00043F40013C1F8003970470000D0F8903023
:1082E00003EB4111D1F8003B23F40013C1F8003B2C
:1082F00070470000D0F8903003EB4111D1F80039FD
:1083000023F40013C1F8003970470000044BDA6B06
:108310000243DA635A6E104358665B6E704700BFC3
:108320000045025808B53C4B4FF0FF31D3F8802090
:1083300062F00042C3F88020D3F8802002F00042AF
:10834000C3F88020D3F88020D3F88420C3F88410A9
:10835000D3F884200022C3F88420D3F88400D86F97
:1083600040F0FF4040F4FF0040F4DF4040F07F0069
:10837000D867D86F20F0FF4020F4FF0020F4DF40E2
:1083800020F07F00D867D86FD3F888006FEA40509C
:108390006FEA5050C3F88800D3F88800C0F30A0091
:1083A000C3F88800D3F88800D3F89000C3F8901081
:1083B000D3F89000C3F89020D3F89000D3F894003D
:1083C000C3F89410D3F89400C3F89420D3F8940021
:1083D000D3F89800C3F89810D3F89800C3F8982001
:1083E000D3F89800D3F88C00C3F88C10D3F88C0025
:1083F000C3F88C20D3F88C00D3F89C00C3F89C10F1
:10840000D3F89C10C3F89C20D3F89C30FCF734FAC6
:10841000BDE8084000F0D2B90044025808B5012276
:10842000504BC3F80821504B5A6D42F002025A6576
:10843000DA6F42F00202DA670422DB6F4B4BDA603C
:108440005A689104FCD54A4A1A6001229A60494A46
:10845000DA6000221A614FF440429A61434B9A69F4
:108460009204FCD51A6842F480721A60424B1A6F6B
:1084700012F4407F04D04FF480321A6700221A674A
:108480001A6842F001021A603B4B1A685007FCD58B
:1084900000221A611A6912F03802FBD10121196019
:1084A0004FF0804159605A67344ADA62344A1A619F
:1084B0001A6842F480321A602F4B1A689103FCD577
:1084C0001A6842F480521A601A689204FCD52D4A48
:1084D0002D499A6200225A63196301F57C01DA631F
:1084E00001F5E77199635A64284A1A64284ADA62E6
:1084F0001A6842F0A8521A601F4B1A6802F02852FC
:10850000B2F1285FF9D148229A614FF48862DA61AA
:1085100040221A621F4ADA641F4A1A651F4A5A65C6
:108520001F4A9A6532231F4A1360136803F00F0332
:10853000022BFAD1104A136943F003031361136944
:1085400003F03803182BFAD14FF00050FFF7DEFE8E
:108550004FF08040FFF7DAFE4FF00040BDE80840E2
:10856000FFF7D4BE00800051004502580048025871
:1085700000C000F004000001004402580000FF01A8
:10858000008890083220600063020901470E050848
:10859000DD0BBF0120000020000001100910E000E9
:1085A00000010110002000524FF0B04208B5D2F88F
:1085B000883003F00103C2F8883023B1044A1368FD
:1085C0000BB150689847BDE80840FFF7B1B800BF4D
:1085D000146700204FF0B04208B5D2F8883003F09D
:1085E0000203C2F8883023B1044A93680BB1D06803
:1085F0009847BDE80840FFF79BB800BF146700200C
:108600004FF0B04208B5D2F8883003F00403C2F846
:10861000883023B1044A13690BB150699847BDE80B
:108620000840FFF785B800BF146700204FF0B04244
:1086300008B5D2F8883003F00803C2F8883023B1B7
:10864000044A93690BB1D0699847BDE80840FFF729
:108650006FB800BF146700204FF0B04208B5D2F8E1
:10866000883003F01003C2F8883023B1044A136A3B
:108670000BB1506A9847BDE80840FFF759B800BFF2
:10868000146700204FF0B04310B5D3F8884004F4CD
:108690007872C3F88820A30604D5124A936A0BB1F6
:1086A000D06A9847600604D50E4A136B0BB1506B25
:1086B0009847210604D50B4A936B0BB1D06B9847B2
:1086C000E20504D5074A136C0BB1506C9847A3051B
:1086D00004D5044A936C0BB1D06C9847BDE81040A8
:1086E000FFF726B8146700204FF0B04310B5D3F859
:1086F000884004F47C42C3F88820620504D5164AF9
:10870000136D0BB1506D9847230504D5124A936D34
:108710000BB1D06D9847E00404D50F4A136E0BB12E
:10872000506E9847A10404D50B4A936E0BB1D06EDE
:108730009847620404D5084A136F0BB1506F9847ED
:10874000230404D5044A936F0BB1D06F9847BDE85A
:108750001040FEF7EDBF00BF1467002008B50348C6
:10876000FCF73CFCBDE80840FEF7E2BF28370020DC
:1087700008B50348FCF732FDBDE80840FEF7D8BF56
:108780008039002008B50348FCF728FDBDE8084003
:10879000FEF7CEBFEC39002008B50348FCF71EFDFC
:1087A000BDE80840FEF7C4BF583A002008B500F005
:1087B000B7FCBDE80840FEF7BBBF0000062108B5C6
:1087C0000846FCF791FD06210720FCF78DFD0621E8
:1087D0000820FCF789FD06210920FCF785FD06210C
:1087E0000A20FCF781FD06211720FCF77DFD0621FC
:1087F0002820FCF779FD09217A20FCF775FD092175
:108800003120FCF771FD07213220FCF76DFD0C21B2
:108810002620FCF769FD0C212720FCF765FD0C21C3
:108820005220BDE80840FCF75FBD000008B5FFF727
:1088300079FD00F043FCFDF737F9FDF7D5F8FDF7BA
:108840000DFBFDF7DFF9FEF79DF9BDE8084000F0EC
:1088500029BA000030B50433039C0172002104FBE7
:108860000325C160C0E90653049B0363059BC0E96F
:108870000000C0E90422C0E90842C0E90A114363CC
:1088800030BD00000022416AC260C0E90411C0E9A5
:108890000A226FF00101FDF7EFBE0000D0E90432BB
:1088A000934201D1C2680AB9181D70470020704771
:1088B000036919600021C2680132C260C2691344B1
:1088C00082699342036124BF436A0361FDF7C8BE16
:1088D00038B504460D46E3683BB162690020131DBC
:1088E0001268A3621344E36207E0237A33B929468E
:1088F0002046FDF7A5FE0028EDDA38BD6FF0010037
:10890000FBE70000C368C269013BC36043691344CD
:1089100082699342436124BF436A436100238362B7
:10892000036B03B11847704770B53023044683F3D7
:108930001188866A3EB9FFF7CBFF054618B186F36A
:108940001188284670BDA36AE26A13F8015B93425E
:10895000A36202D32046FFF7D5FF002383F31188DB
:10896000EFE700002DE9F84F04460E4617469846FB
:108970004FF0300989F311880025AA46D4F828B0B1
:10898000BBF1000F09D141462046FFF7A1FF20B1FE
:108990008BF311882846BDE8F88FD4E90A12A7EBBB
:1089A000050B521A934528BF9346BBF1400F1BD9C4
:1089B000334601F1400251F8040B914243F8040B95
:1089C000F9D1A36A403640354033A362D4E90A2383
:1089D0009A4202D32046FFF795FF8AF31188BD42E1
:1089E000D8D289F31188C9E730465A46F9F772F9A7
:1089F000A36A5E445D445B44A362E7E710B5029C52
:108A00000433017203FB0421C460C0E90613002390
:108A1000C0E90A33039B0363049BC0E90000C0E97B
:108A20000422C0E90842436310BD0000026A6FF0EF
:108A30000101C260426AC0E904220022C0E90A22A0
:108A4000FDF71ABED0E904239A4201D1C26822B9C7
:108A5000184650F8043B0B60704700231846FAE7AD
:108A6000C3680021C2690133C3604369134482694A
:108A70009342436124BF436A4361FDF7F1BD0000A7
:108A800038B504460D46E3683BB1236900201A1D42
:108A9000A262E2691344E36207E0237A33B929460C
:108AA0002046FDF7CDFD0028EDDA38BD6FF001005E
:108AB000FBE7000003691960C268013AC260C2693D
:108AC000134482699342036124BF436A0361002314
:108AD0008362036B03B118477047000070B5302301
:108AE0000D460446114683F31188866A2EB9FFF7B6
:108AF000C7FF10B186F3118870BDA36A1D70A36A09
:108B0000E26A01339342A36204D3E1692046043947
:108B1000FFF7D0FF002080F31188EDE72DE9F84F33
:108B200004460D46904699464FF0300A8AF3118864
:108B30000026B346A76A4FB949462046FFF7A0FF73
:108B400020B187F311883046BDE8F88FD4E90A07D1
:108B50003A1AA8EB0607974228BF1746402F1BD9A1
:108B600005F1400355F8042B9D4240F8042BF9D140
:108B7000A36A40364033A362D4E90A239A4204D35D
:108B8000E16920460439FFF795FF8BF311884645CC
:108B9000D9D28AF31188CDE729463A46F9F79AF8EF
:108BA000A36A3D443E443B44A362E5E7D0E9042385
:108BB0009A4217D1C3689BB1836A8BB1043B9B1A5D
:108BC0000ED01360C368013BC360C3691A44836954
:108BD0009A42026124BF436A036100238362012336
:108BE000184670470023FBE701F01F03F0B502F0C1
:108BF0001F0456095A1C0123B6EB511F50F826508A
:108C000003FA02F34FEA511703F1FF333DBF50F867
:108C10002720C4F12000134003EA05003BBF03FAFC
:108C200000F225FA04F0E0401043F0BD70B57E225A
:108C30007F210546FFF7D8FF18B1012819D0002081
:108C400070BD3E2249212846FFF7CEFF2F22044661
:108C500031212846FFF7C8FF06460134502202366C
:108C600053212846B440FFF7BFFF093804FA00F04B
:108C7000E6E7302245212846FFF7B6FF01308002A3
:108C8000DEE7000090F8D63090F8D7201B0403EB05
:108C9000026390F8D42090F8D500134403EB002031
:108CA0007047000000F018BA014B586A704700BFC7
:108CB000000C0040034B002258631A610222DA6064
:108CC000704700BF000C0040014B0022DA60704783
:108CD000000C0040014B5863704700BF000C00407F
:108CE000024B034A1A60034A5A607047EC66002040
:108CF000A067002000000220074B494210B55C68C5
:108D0000201A08401968821A8A4203D3A24201D865
:108D10005A6010BD0020FCE7EC66002008B5302347
:108D200083F31188FFF7E8FF002383F3118808BD60
:108D30000448054B03600023C0E901330C3000F008
:108D400017B900BFF46600201D8D0008CB1D083A3E
:108D500023F00703591A521A10B4D2080024C0E9AC
:108D6000004384600C301C605A605DF8044B00F0D6
:108D7000FFB800002DE9F74F364FCD1D884600287B
:108D800018BF0746082A4FEAD50538BF082207F161
:108D90000C003C1D9146019000F02CF9019809F15E
:108DA0000701C9F1000E2246246864B900F02CF9CD
:108DB0003B68CBB308224946E8009847044698B37D
:108DC00040E9027830E004EB010CD4F804A00CEA8E
:108DD0000E0C0AF10106ACF1080304EBC6069E4234
:108DE000E1D9A6EB0C0CB5EBEC0F4FEAEC0BDAD8A3
:108DF0009C421DD204F10802AB45A3EB02024FEAEC
:108E0000E202626009D9691CED4303EBC1025D44D3
:108E10005560256843F8315022601C46C3F8048031
:108E200044F8087B00F0F0F8204603B0BDE8F08F6E
:108E3000AA45216802D111602346EEE7013504EB13
:108E4000C50344F8351003F10801761AF6105E6088
:108E50001360F1E7F466002073B50446A0F108053D
:108E600050F8080C54F8043C061D0C3007330190F0
:108E7000DB0844F8043C00F0BDF8334601989E42FC
:108E80001A6801D0AB4228D20AB1954225D244F8E3
:108E9000082C54F8042C1D60013254F8081C05EB12
:108EA000C206B14206D14E68324444F8042C0A6826
:108EB00044F8082C5E68711C03EBC1018D4207D198
:108EC00054F8042C013232445A6054F8082C1A60C9
:108ED00002B0BDE8704000F097B81346CFE700003D
:108EE000FEE7000070B51E4B0025044686B05860B2
:108EF0000E4605638163FEF7F3FB04F12803A560CA
:108F00006563C4E90A3304F11003C4E904334FF084
:108F1000FF33C4E90044C4E90635FFF7C5FE2B461C
:108F2000024604F13C012046C4E9082380230D4A8F
:108F30006567FDF7FFFA7368E0600B4A036201237F
:108F4000009280F824306846F26801923269CDE9D7
:108F50000223064BCDE90435FDF720FB06B070BDBA
:108F600070490020D89C0008D09C0008E18E0008C1
:108F70000023C0E9000083600361704770B51C4B9B
:108F800005468468DE685CB3B44213D103690133DB
:108F9000036170BDA36094F8243083B1062B15D112
:108FA000A06A2146D4E9003213605A60FDF72EFA18
:108FB000A36A9C68B368A2689A42EBD306E0D4E93E
:108FC0000032204613605A60FDF730FA28463146D9
:108FD000FDF71CFAB5620620BDE87040FDF728BA1F
:108FE0000369866001330361336BC3603063D0E78C
:108FF000C846002008B5302383F31188FFF7BEFF71
:10900000002383F3118808BD194BD96883688B420C
:1090100010B520D1302383F311880269013A02612F
:10902000B2B90468C368A0420B631ED04A6B9BB9F7
:1090300001238A60036103681A68026050601A6B3A
:109040008360C26018631846FDF7F0F9FDF740FA37
:10905000002383F3118810BD1C68A34203D0A468C9
:10906000A24238BF2246DB68E1E78260F0E700BF3A
:10907000C8460020024A536B18435063704700BF34
:10908000C846002038B5EFF311859DB9EFF305848C
:10909000C4F30804302334B183F31188FDF724FCB2
:1090A00085F3118838BD83F31188FDF71DFC84F327
:1090B000118838BDBDE83840FDF716BC0023054ACD
:1090C00019460133102BC2E9001102F10802F8D150
:1090D000704700BF146700200E4B9A6C42F00802E4
:1090E0009A641A6F42F008021A670B4A1B6FD36B1F
:1090F00043F00803D363C722084B9A624FF0FF3254
:10910000DA6200229A615A63DA605A6001225A6177
:109110001A607047004502580010005C000C0040C7
:10912000094A08B51169D3680B40D9B29B076FEAA9
:109130000101116107D5302383F31188FDF7EEF9A2
:10914000002383F3118808BD000C0040FEF778B8B7
:10915000012838BF012010B504462046FEF730F83C
:1091600030B900F007F808B900F00CF88047F4E7D0
:1091700010BD0000024B1868BFF35B8F704700BF43
:109180009467002008B5062000F056F80120FDF78E
:1091900033FC000010B501390244904201D1002097
:1091A00005E0037811F8014FA34201D0181B10BD50
:1091B0000130F2E7884210B501EB020402D9844283
:1091C000234607D8431EA14208D011F8012B03F80B
:1091D000012FF8E7024401468A4200D110BD13F87E
:1091E000014D02F8014DF7E71F2938B504460D4639
:1091F00004D9162303604FF0FF3038BD426C12B122
:1092000052F821304BB9204600F030F82A4601468A
:109210002046BDE8384000F017B8012B0AD0591C91
:1092200003D1162303600120E7E7002442F825401C
:10923000284698470020E0E7024B01461868FFF7F0
:10924000D3BF00BF7422002038B5074D0023044669
:10925000084611462B60FDF7D3FB431C02D12B6857
:1092600003B1236038BD00BF98670020FDF7C2BB83
:10927000C9B2034610F8012B1AB18A42F9D1184637
:109280007047002918BF0023F9E70000034611F8D2
:10929000012B03F8012B002AF9D1704710B50139D1
:1092A000034632B111F8014F03F8014B013A002C8B
:1092B000F7D11A440021934200D110BD03F8011BDD
:1092C000F9E700004D4435002D2D0A002F6172642E
:1092D0007570696C6F742E6162696E002F617264C3
:1092E0007570696C6F742D7665726966792E61622E
:1092F000696E002F6172647570696C6F742D666C95
:109300006173682E6162696E002F617264757069A5
:109310006C6F742D666C61736865642E6162696E32
:10932000000000000000000000000000ED0E00083A
:10933000890F000839110008C10F0008810F0008CB
:109340000000000000000000E90E0008950F000872
:1093500071110008E50E0008F10E000853544D335A
:109360003248373F3F3F0053544D3332483733780C
:109370002F3732780053544D3332483734332F3738
:1093800035332F373530000001105A0003105900D3
:1093900001205800032056002F000000537563631E
:1093A00065737366756C6C79206D6F756E7465642A
:1093B000205344436172642028736C6F77646F7725
:1093C0006E3D2575290A0000EB76904558464154BC
:1093D000202020004641543332202020000000008D
:1093E0002A3A3C3E7C223F7F002B2C3B3D5B5D00BC
:1093F000435545414141414345454549494941411D
:109400004592924F4F4F5555594F554F9C4F9E9FE8
:1094100041494F55A5A5A6A7A8A9AAABACADAEAF2B
:10942000B0B1B2B3B4414141B8B9BABBBCBDBEBF23
:10943000C0C1C2C3C4C54141C8C9CACBCCCDCECFBF
:10944000D1D145454549494949D9DADBDCDD49DF18
:109450004FE14F4F4F4FE6E8E85555555959EEEF5C
:10946000F0F1F2F3F4F5F6F7F8F9FAFBFCFDFEFF84
:1094700001030507090E10121416181C1E00000027
:1094800061001A03E0001703F8000703FF00010062
:1094900078010001300132010601390110014A0151
:1094A0002E017901060180014D00430281018201F4
:1094B00082018401840186018701870189018A0173
:1094C0008B018B018D018E018F0190019101910122
:1094D00093019401F60196019701980198013D02CC
:1094E0009B019C019D0120029F01A001A001A201FE
:1094F000A201A401A401A601A701A701A901AA0133
:10950000AB01AC01AC01AE01AF01AF01B101B201E1
:10951000B301B301B501B501B701B801B801BA0192
:10952000BB01BC01BC01BE01F701C001C101C20108
:10953000C301C401C501C401C701C801C701CA01F3
:10954000CB01CA01CD011001DD0101008E01DE0158
:109550001201F3010300F101F401F401F801280103
:10956000220212013A020900652C3B023B023D0235
:10957000662C3F0240024102410246020A015302A8
:10958000400081018601550289018A0158028F013C
:109590005A0290015C025D025E025F029301610269
:1095A00062029401640265026602670297019601F5
:1095B0006A02622C6C026D026E029C0170027102E2
:1095C0009D01730274029F0176027702780279028C
:1095D0007A027B027C02642C7E027F02A601810259
:1095E0008202A9018402850286028702AE0144023A
:1095F000B101B20145028D028E028F0290029102EA
:10960000B7017B030300FD03FE03FF03AC0304006B
:109610008603880389038A03B1031103C20302008E
:10962000A303A303C4030803CC0303008C038E032A
:109630008F03D8031801F2030A00F903F303F403BC
:10964000F503F603F703F703F903FA03FA0330040B
:10965000200350041007600422018A043601C1046B
:109660000E01CF040100C004D004440161052604AA
:10967000000000007D1D0100632C001E9601A01E4D
:109680005A01001F0806101F0606201F0806301F7B
:109690000806401F0606511F0700591F521F5B1F77
:1096A000541F5D1F561F5F1F601F0806701F0E00AE
:1096B000BA1FBB1FC81FC91FCA1FCB1FDA1FDB1F62
:1096C000F81FF91FEA1FEB1FFA1FFB1F801F080678
:1096D000901F0806A01F0806B01F0400B81FB91F7E
:1096E000B21FBC1FCC1F0100C31FD01F0206E01F0A
:1096F0000206E51F0100EC1FF31F0100FC1F4E21B5
:109700000100322170211002842101008321D02424
:109710001A05302C2F04602C0201672C0601752CD1
:109720000201802C6401002D260841FF1A0300006D
:10973000C700FC00E900E200E400E000E500E7000B
:10974000EA00EB00E800EF00EE00EC00C400C5000A
:10975000C900E600C600F400F600F200FB00F900C4
:10976000FF00D600DC00F800A300D800D70092016B
:10977000E100ED00F300FA00F100D100AA00BA0008
:10978000BF00AE00AC00BD00BC00A100AB00BB0040
:1097900091259225932502252425C100C200C000F1
:1097A000A9006325512557255D25A200A500102598
:1097B000142534252C251C2500253C25E300C30059
:1097C0005A25542569256625602550256C25A40059
:1097D000F000D000CA00CB00C8003101CD00CE009F
:1097E000CF0018250C2588258425A600CC008025CF
:1097F000D300DF00D400D200F500D500B500FE0094
:10980000DE00DA00DB00D900FD00DD00AF00B400AF
:10981000AD00B1001720BE00B600A700F700B800E9
:10982000B000A800B700B900B300B200A025A000A6
:1098300010000240080002400008024000000B0037
:1098400028000240080002400408024006010C0003
:1098500040000240080002400808024010020D00CB
:1098600058000240080002400C08024016030E0097
:10987000700002400C0002401008024000040F007B
:10988000880002400C000240140802400605100047
:10989000A00002400C00024018080240100611000F
:1098A000B80002400C0002401C08024016072F00BE
:1098B000100402400804024020080240000838005A
:1098C0002804024008040240240802400609390026
:1098D000400402400804024028080240100A3A00EE
:1098E00058040240080402402C080240160B3B00BA
:1098F000700402400C04024030080240000C3C009E
:10990000880402400C04024034080240060D440062
:10991000A00402400C04024038080240100E45002A
:10992000B80402400C0402403C080240160F4600F6
:109930000100000000000000009600000000000090
:109940000000000000000000000000000000000017
:10995000000000007D6B0008816B00087D56000848
:10996000B55900081156000839560008615600081C
:10997000F955000800000000695A0008555A00080F
:10998000915A00087D5A0008895A0008755A000843
:10999000615A00084D5A00089D5A00080000000056
:1099A000815B00086D5B0008A95B0008955B0008FF
:1099B000A15B00088D5B0008795B0008655B00080F
:1099C000B55B00080000000001000000000000007E
:1099D00063300000D0990008000000000000000083
:1099E00040470020704900200000812A000000004C
:1099F000AAAAAAAA00000024FFFE0000000000009E
:109A000000A00A000001000000000000AAAAAAAA03
:109A100000000000FFFF0000000000000000000048
:109A20001400AA5600000000AAAAAAAA14005554BD
:109A3000FFFF000000000000CCCC0C0020681A00E2
:109A400000000000AAAA8AAA10541500FFFF000017
:109A5000000C700777000000408102010010000038
:109A6000AAAAAAAA00410100F7FF000000000070A6
:109A7000070000000000000000000000AAAAAAAA37
:109A800000000000FFFF00000000000000000000D8
:109A90000000000000000000AAAAAAAA000000001E
:109AA000FFFF0000000000000000000000000000B8
:109AB00000000000AAAAAAAA00000000FFFF000000
:109AC0000000000000000000000000000000000096
:109AD000AAAAAAAA00000000FFFF000000000000E0
:109AE000000000000000000000000000AAAAAAAACE
:109AF00000000000FFFF0000000000000000000068
:109B00000000000000000000AAAAAAAA00000000AD
:109B1000FFFF0000000000000000000043756265C8
:109B200050696C6F7400437562654F72616E676552
:109B30002B2D424C002553455249414C2500000035
:109B40000200000000000000A15D0008115E000896
:109B5000400040002062002030620020020000002F
:109B6000000000000300000000000000595E000833
:109B70000000000010000000406200200000000013
:109B800001000000000000009C65002001010200AF
:109B9000796C0008896B0008256C0008096C0008C6
:109BA00043000000A89B000809024300020100C016
:109BB0003209040000010202010005240010010521
:109BC0002401000104240202052406000107058285
:109BD000030800FF09040100020A00000007050154
:109BE0000240000007058102400000001200000052
:109BF000F49B00081201100102000040AE2D581025
:109C000000020102030100000403090425424F4140
:109C100052442500437562654F72616E6765506CF2
:109C20007573003031323334353637383941424379
:109C30004445460000000020000002000200000031
:109C400000000030000004000800000000000024B4
:109C500000000800040000000004000000FC0000F8
:109C60000200000000000430008000000800000036
:109C70000000003800000100010000001F1C1F1E32
:109C80001F1E1F1F1E1F1E1F1F1D1F1E1F1E1F1FEB
:109C90001E1F1E1F00000000B55F00086D62000857
:109CA0001963000840004000D4660020D4660020FC
:109CB00001000000E4660020800000004001000078
:109CC0000800000000010000001000000800000073
:109CD00069646C65000000006D61696E002C0438D9
:109CE000040438080C10141C202425260000000051
:109CF000000064040100040000000000000C0010DB
:109D0000283034006467FF7F01000000000000007D
:109D1000270400000000000000001E0000000000FA
:109D2000FF0000007849002080390020EC39002035
:109D3000583A0020000000005C93000883040000F3
:109D400067930008500400007593000801000000AC
:109D500000000000009600000000080096000000CF
:109D60000008000004000000089C0008000000003B
:109D700000000000000000000000000000000000E3
:109D80000000000078220020000000000000000019
:109D900000000000000000000000000000000000C3
:109DA00000000000000000000000000000000000B3
:109DB00000000000000000000000000000000000A3
:109DC0000000000000000000000000000000000093
:109DD0000000000000000000000000000000000083
:089DE00000000000000000007B
:00000001FF
